ID,Lake,Latitude,Longitude,Core.Depth,Area,Max.depth,pH,Conductivity,Mixing,Nutrients,ReportedMAAT,MAT,MAT_0,MAP,Outliers,IIIa5,IIIa6,IIIb5,IIIb6,IIIc5,IIIc6,IIa5,IIa6,IIb5,IIb6,IIc5,IIc6,Ia,Ib,Ic,MBT5Me,MBT6Me,CBT,IR,fC,Source
LS1,Flatworm Lake,7.32175,134.5060667,4.1,0.005,4,8,NA,Holomictic,NA,NA,27.544,27.544,3245.286494,0,0.01263735,0.012154265,0.000167021,0.000256911,0,0,0.076802451,0.079235275,0.008062248,0.006423933,0.000771893,0.000387396,0.662637089,0.094608176,0.045855992,0.891736963,0.891428712,-0.718897769,0.500797233,0.100562383,UA
LS2,Black Lake,37.80805556,-118.5727778,0,NA,20,NA,NA,NA,NA,NA,7.875833333,9.616,225.72,0,0.106356764,0.145187129,0.012273664,0.012421118,0.002436739,0.009044674,0.129047173,0.155613871,0.060970947,0.10153577,0.014840362,0.024599813,0.122814121,0.073931896,0.028925961,0.432282989,0.359345278,0.080594454,0.57582662,0.159182035,UA
LS4,Big Croc Lake,7.154433333,134.36965,20,NA,22,NA,NA,Meromictoc,NA,NA,27.56,27.56,3220.151737,0,0.020250599,0.011210458,0.002288627,0.006737054,0.00000953,0.001043093,0.083812897,0.06533858,0.014965462,0.009633001,0.001209383,0.000598119,0.591286261,0.130546362,0.061070574,0.868028923,0.900835919,-0.674140297,0.419967937,0.140310692,UA
LS5,Ghayal ba Wazir,14.7708,49.3742,NA,NA,NA,NA,NA,NA,NA,NA,26.347,26.347,69.44406805,0,0.006262856,0.015311522,0.0000375,0.000789243,0.000403484,0.000187667,0.043432341,0.098140327,0.015557574,0.012023183,0.000551532,0.000854926,0.35817346,0.28677356,0.161500792,0.925143137,0.865358991,-0.152675021,0.657874888,0.319580569,UA
LS6,Lake Adley,46.13381666,-95.3361,3.8,0.88,5.9,8.2,NA,NA,NA,NA,5.189166667,14.12428571,665.27,0,0.087953282,0.092778506,0.008082858,0.008431166,0.00065769,0.000316275,0.17395093,0.174063653,0.087051492,0.065006709,0.005857578,0.002290157,0.187281522,0.086866999,0.019411185,0.456891308,0.469388682,-0.106797192,0.487436309,0.142527583,UA
LS7,Simon Lake,46.39243333,-81.20264167,11.6,1.02,12,7.4,1098.7,NA,NA,NA,4.814548122,11.37023327,782.6508606,0,0.125638374,0.065018486,0.0047137,0.004787224,0.000255583,0.0000794,0.245849983,0.159770979,0.057871494,0.042919296,0.005604157,0.000724736,0.210984474,0.066120178,0.009661977,0.400441315,0.517185495,-0.322215031,0.38404937,0.094647414,UA
LS8,Hot Water Lake,7.15095,134.3503833,34,NA,36,NA,NA,Meromictic,NA,NA,27.56,27.56,3220.151737,0,0.013790352,0.010282314,0.000188407,0.000240277,0.001192992,0.000255532,0.068500193,0.071361392,0.013543211,0.015758332,0.001705583,0.000842112,0.606446736,0.130282558,0.065610009,0.893301458,0.891744401,-0.625833891,0.504057949,0.146048309,UA
LS9,Lake Monoun,5.58,10.587,NA,NA,95,7.5,0,NA,NA,NA,22.1204806,22.1204806,1979.733086,0,0.026625932,0.02132895,0.000564086,0.00059446,0.0000622,0.0000148,0.190736917,0.116521312,0.016868333,0.01454618,0.002628423,0.000666055,0.533741548,0.061816927,0.013283858,0.72216992,0.799804678,-0.656429432,0.39416853,0.06017216,UA
LS10,Emerald Lake,40.468191,-121.519061,7.8,NA,NA,NA,NA,NA,NA,NA,4.235,7.47875,3077.61,0,0.326118007,0.060957814,0.004580558,0.001552022,0,0,0.235739544,0.113731577,0.038593136,0.011384529,0.005281516,0.005281516,0.163318962,0.026603628,0.006857191,0.246829228,0.513981661,-0.575041465,0.236577366,0.045914407,UA
LS11,Battle Lake,72.59166667,-77.96675,8.55,NA,NA,NA,NA,NA,NA,NA,-15.919,2.5288,225.9957643,0,0.402822396,0.076818503,0.00510673,0.003808813,0,0,0.214548981,0.113564514,0.02343835,0.005595995,0.005705202,0.0000568,0.133712785,0.010756463,0.004064496,0.188173779,0.431141493,-0.574564142,0.234203692,0.02431681,UA
LS12,Lake Nicaragua,11.55,-85.35,NA,7584.27,43,7.35,200,NA,NA,NA,26.17019809,26.17019809,1736.008504,0,0.008521971,0.022438841,0.000186169,0.003455302,0.0000533,0.000155809,0.068147696,0.156495045,0.023966574,0.082759407,0.003029117,0.001280845,0.430157018,0.175157227,0.024195706,0.862169738,0.706359582,-0.248662029,0.722252172,0.166496003,UA
LS13,Vestre Gisholtsvatn,63.94518611,-20.51808,13.53,1.57,15,7.7,NA,NA,NA,NA,4.817584834,5.265485459,1170.400021,0,0.240912235,0.141189898,0.00552124,0.007189264,0.000382255,0.001712995,0.181418706,0.14183653,0.040095257,0.046453916,0.00509197,0.005148524,0.133956344,0.038989374,0.010101492,0.283585982,0.357146086,-0.214354681,0.416059631,0.074742792,UA
LS14,Rice Portage Lake,46.69198333,-92.70527778,0.59,2.6,NA,NA,NA,NA,NA,NA,4.4125,12.71571429,769.37,0,0.10230033,0.048535549,0.003319441,0.002274075,0.000142618,0.0000633,0.299476581,0.147717216,0.047341104,0.021089449,0.003904641,0.00065959,0.255957313,0.055808322,0.011410502,0.418462494,0.597900398,-0.458684181,0.326114304,0.074299957,UA
LS15,Big Soda Lake,39.52543253,-118.878624,55,1.5,64,9.7,20000,Meromictic,NA,NA,11.58833333,11.58833333,120.11,1,0.008439171,0.085770388,0.02350713,0.027127897,0.000306373,0.0000696,0.051261698,0.261683935,0.008118873,0.013076537,0.001671123,0.000167112,0.492842023,0.018368427,0.007589684,0.884388946,0.589994141,-0.176375941,0.841672355,0.028898887,UA
LS16,Hidden Lake,40.50594,-106.6074,7.94,NA,NA,NA,NA,NA,NA,NA,2.765833333,8.617142857,738.42,0,0.233171928,0.058714393,0.006231295,0.002825904,0,0,0.256821073,0.129784503,0.069591765,0.016946693,0.000291926,0.013272664,0.171759504,0.029913499,0.010674853,0.275085998,0.508260382,-0.485999747,0.26854567,0.070495567,UA
LS17,Elk Lake,47.18756667,-95.21635,27.85,0.69,9.1,7.7,NA,NA,NA,NA,4.105833333,13.05428571,681.07,0,0.204518232,0.168209861,0.016330107,0.018636706,0.001954156,0.002689137,0.190566618,0.148205848,0.044528598,0.059329889,0.005081674,0.002752337,0.109044156,0.025351524,0.002801157,0.237854353,0.267470242,-0.124422158,0.460834524,0.070763473,UA
LS18,Lake Turkana,4.28609767,36.20451109,1,7500,125,9.2,NA,Unstratified,NA,NA,28.111,28.111,274.6381409,0,0.023350795,0.032673355,0.00168694,0.003729024,0,0,0.061972831,0.226138684,0.019532984,0.07804315,0.001420581,0.003373879,0.363757436,0.148006748,0.036313593,0.839407126,0.619343835,-0.080419436,0.762613065,0.160746322,UA
LS19,Lago de Sanabria,42.1185143,-6.722424222,24.7,3.46,51,6.5,14.6,Monomictic,NA,NA,8.09576286,8.09576286,983.8034084,0,0.235862445,0.04588789,0.002612673,0.00034945,0,0,0.264200719,0.090951374,0.036866991,0.011752517,0.00015996,0.008863401,0.243816947,0.042947095,0.015728538,0.36035786,0.670589819,-0.655811678,0.21675715,0.062258032,UA
LS20,Mono Lake,37.98873,-119.13821,2.8,NA,30,9.7,80000,NA,NA,NA,8.7475,10.609,322.86,1,0.019953277,0.061426412,0.004837158,0.028473272,0,0,0.053978288,0.235069397,0.010251477,0.04600797,0.000109935,0.004342449,0.522028308,0.013247217,0.000274839,0.864162491,0.609928634,-0.240203296,0.802705315,0.036402845,UA
LS21,Lake Malawi,-13.87,34.885,96,NA,695,NA,NA,Meromictic,NA,NA,23.66,23.66,1070.626289,0,0.021503929,0.037789735,0.002714216,0.003288758,0.000918455,0.000453131,0.109683702,0.190294861,0.049266862,0.065290035,0.012015602,0.007243498,0.341362361,0.121078026,0.03709683,0.73462251,0.630003472,-0.1553138,0.619157026,0.159153122,UA
LS22,Laguna de Juanacatlan,20.62942,-104.73645,24.5,0.5,30,8.8,148,NA,NA,NA,18.78877155,18.78877155,1132.042391,0,0.055606135,0.046391703,0.001341533,0.003447492,0.00000689,0.000112942,0.211887857,0.180535374,0.030136288,0.037159366,0.002962667,0.001245119,0.361247047,0.058239617,0.009679974,0.590490448,0.619061999,-0.361091636,0.470141679,0.073114165,UA
LS23,North Boettcher Lake,40.86666,-106.53017,1.3,6.92,NA,NA,NA,NA,NA,NA,3.476666667,9.351428571,573.13,0,0.161067892,0.183585134,0.010705161,0.015936791,0.000159835,0.000823988,0.176601039,0.188420754,0.07417798,0.069042729,0.001630322,0.00254878,0.066890913,0.043943309,0.004465374,0.218724007,0.207243581,0.041878574,0.517119158,0.101268206,UA
LS24,Lagoa Mandiore,-18.11361,-57.562453,1.05,152,3.5,8.3,NA,NA,NA,NA,26.05388456,26.05388456,1150.95341,0,0.006089357,0.008792774,0.000421312,0.000806812,0.000435355,0.0000576,0.075061582,0.087471316,0.022293705,0.035345939,0.003085405,0.00123023,0.540681851,0.183526154,0.03470063,0.880043775,0.852209691,-0.572753535,0.559912412,0.156226621,UA
LS25,Lake Quinault,47.48048,-123.85671,61.33333333,NA,NA,7.6,NA,NA,Oligotrophic,NA,10.23583333,10.23583333,3096.88,0,0.200150602,0.097782027,0.003447502,0.002106286,0.001972224,0.000762656,0.268447787,0.107975346,0.018577294,0.0125136,0.004049861,0.002127495,0.256421674,0.018829715,0.004835933,0.365047344,0.562019986,-0.511837011,0.30940819,0.030233597,UA
LS26,Lake Kivu,-2.06901,29.31168,210,2370,485,8.8,NA,Meromictic,NA,NA,17.52944953,17.52944953,1446.005957,0,0.025108454,0.026722921,0.001974021,0.005094855,0.000838176,0.000961944,0.14114017,0.118228206,0.043381467,0.111623069,0.002428359,0.011340439,0.388939371,0.099863542,0.022355007,0.709165403,0.665802445,-0.298946081,0.55034714,0.15325848,UA
LS27,Big Beer,53.126117,-60.104075,12.5,NA,NA,NA,NA,NA,NA,NA,-1.047104544,8.682627251,973.4788286,0,0.192458011,0.073694125,0.00451415,0.003137249,0.00050163,0.0000485,0.234816805,0.13925122,0.034957178,0.020761372,0.006111933,0.000214689,0.254734387,0.028096414,0.006702328,0.385137751,0.553346866,-0.452839432,0.335815084,0.049326432,UA
LS28,Lake Malawi,-11.57833,34.33167,377,NA,695,NA,NA,Meromictic,NA,NA,23.593,23.593,1755.148332,0,0.012325029,0.051242804,0.001712418,0.002045107,0.000505508,0.00000824,0.080926519,0.276621529,0.027649439,0.048827336,0.005628399,0.003187504,0.398765213,0.076289122,0.014265832,0.801873491,0.565027112,-0.099850348,0.757028193,0.091850849,UA
LS29,Taggart Lake,43.70253,-110.75707,4.66,0.45,24,8,40,NA,Mesotrophic,NA,2.586666667,8.984285714,845.64,0,0.209652403,0.127013239,0.012590048,0.006452213,0.00172709,0.000658105,0.207280142,0.166587575,0.076664488,0.038368059,0.008713547,0.002374251,0.112398635,0.024873677,0.004646529,0.223312819,0.299477781,-0.196593493,0.402110686,0.077106788,UA
LS30,Deming Lake,47.16898,-95.16911,1,0.055,17.4,NA,NA,Meromictic,NA,NA,4.1175,13.07,679.9,0,0.062034983,0.02839281,0.001662714,0.001075975,0,0,0.279734373,0.120110776,0.030802719,0.013110929,0.0000274,0.004973746,0.394268541,0.054763993,0.009040994,0.551466867,0.739200204,-0.634779863,0.30254319,0.058835192,UA
LS31,Crater Lake,42.92692215,-122.1502002,82.7,53.2,589,7.51,115.3,Meromictic,Oligotrophic-ish,NA,4.550833333,6.708888889,1630.07,0,0.214027795,0.31202121,0.013946561,0.016874536,0.016280907,0.005906534,0.107556942,0.097898196,0.054063383,0.034394774,0.020358945,0.006262116,0.064382708,0.023771939,0.012253454,0.210916477,0.184328977,0.072954446,0.541871474,0.074283682,UA
LS33,Fallen Leaf Lake,38.90551,-120.05973,94.9,5.2,120,7.3,NA,NA,Suboligotrophic,NA,6.625,9.068888889,843.39,0,0.244039703,0.093662473,0.009634537,0.006254482,0.002344281,0.000691027,0.203376378,0.108682728,0.075118133,0.029848985,0.019940183,0.001706882,0.134206285,0.047725281,0.022768642,0.281477611,0.468534755,-0.358164231,0.307652642,0.103306114,UA
LS34,Eva Lake,49.2489,-82.2253,25,NA,NA,NA,NA,NA,NA,NA,0.656073453,10.02748201,803.4017093,0,0.183570061,0.091464571,0.004983647,0.007834729,0.000885215,0.000500089,0.230141577,0.144462519,0.042536314,0.037946416,0.005325661,0.001632475,0.203987492,0.039837557,0.004891676,0.352807358,0.475930682,-0.345538461,0.375106776,0.066458196,UA
LS35,Utwe Biosphere Reserve,5.284733333,162.9646833,0,NA,NA,NA,NA,NA,NA,NA,27.703,27.703,3187,0,0.010132986,0.012118036,0.000065,0.000960894,0.000372731,0.0000949,0.078713804,0.11336754,0.011203306,0.01105712,0.000565081,0.000294936,0.628771765,0.099860311,0.032421624,0.883811805,0.84787963,-0.628098655,0.577121115,0.093702522,UA
LS36,Lac de Courval,48.8322,-78.9985,1.95,2.0096,NA,NA,NA,NA,NA,NA,0.483192087,9.803753192,865.8737432,0,0.117108106,0.057691989,0.00407004,0.002978952,0.001116263,0.0000573,0.293765774,0.161247758,0.029997255,0.017590449,0.006315459,0.000559564,0.2656791,0.033522058,0.008299926,0.410893238,0.565226845,-0.441436962,0.349172913,0.049603703,UA
LS37,Crooked Meadow,37.81877,-118.84735,0,NA,NA,NA,NA,NA,NA,NA,4.230833333,7.69375,654.84,0,0.15164232,0.018544612,0.002030884,0.001037089,0.002059419,0.0000521,0.450445043,0.017446517,0.019599412,0.003475331,0,0,0.306015118,0.021219003,0.006433102,0.349260299,0.894229704,-1.296326321,0.059693363,0.028728777,UA
LS38,Lake Edward,-0.25833,29.58333333,60,12096,117,9,900,Oligomictic,Eutrophic,NA,23.36899757,23.36899757,946.2440823,0,0.024734644,0.106227754,0.003391052,0.004094383,0.00023173,0.000311978,0.103795315,0.283236988,0.044726236,0.036399071,0.004736075,0.002152444,0.32091101,0.054032656,0.011018665,0.690181589,0.47542486,-0.012308031,0.710815542,0.079787895,UA
LS39,Zaca Lake,34.77777,-120.0392,11.92,0.082,13.8,8.4,800,Monomictic,NA,NA,16.7075,16.7075,660.53,0,0.099528029,0.159684145,0.005380898,0.012359806,0.0000681,0.000662741,0.151160648,0.229557621,0.044155106,0.082268122,0.00190538,0.002907233,0.153416754,0.0495151,0.007430284,0.416388901,0.308506773,0.073786579,0.615264082,0.097673701,UA
LS42,Lake Van,38.9399249,43.5675028,25,3522,451,9.8,NA,NA,NA,NA,6.976,12.584,459.341533,0,0.078114892,0.136797778,0.009475006,0.022362029,0.004109641,0.002029452,0.148701785,0.227806035,0.055442104,0.048757595,0.003354939,0.001737719,0.213187636,0.040988597,0.007134794,0.480731312,0.387315404,-0.019694856,0.594234346,0.083317318,UA
LS43,Poisonwood Blue Hole,25.01303,-77.45129,1.4,NA,NA,NA,NA,NA,NA,NA,24.34074896,24.34074896,1241.752563,0,0.078074146,0.050481696,0.001193212,0.001815354,0.000153214,0.0000186,0.126290132,0.147526522,0.026227453,0.006072846,0.001193212,0.000812499,0.468983448,0.064233814,0.02692388,0.708382263,0.732955857,-0.464618123,0.469505031,0.075582914,UA
LS44,Wawagosic Lake,49.3265,-78.6626,2.93,6.5,NA,NA,NA,NA,NA,NA,-0.020409608,10.90762731,846.7661156,0,0.086791709,0.229529404,0.005606304,0.022185127,0.000633673,0.003760829,0.139354322,0.198194539,0.038334533,0.094324117,0.003594198,0.003884458,0.128337609,0.039685493,0.005783685,0.396558985,0.249774486,0.17289931,0.663736887,0.095753791,UA
LS45,Lago Santa Maria del Oro,21.36797,-104.5695,56.8,3.7,60,8.8,1300,Monomictic,NA,NA,21.07139868,21.07139868,995.2186591,0,0.024863274,0.106106351,0.004045916,0.003264269,0.0000784,0.0000593,0.117789682,0.26632289,0.069204733,0.051833165,0.002953093,0.001483029,0.257121565,0.084703684,0.010170666,0.624268272,0.453452035,0.036107768,0.666953315,0.114400997,UA
LS47,Lake Gagouba,7.108,13.69,NA,NA,NA,NA,NA,NA,NA,NA,22.18580546,22.18580546,1482.010195,0,0.02170909,0.042982872,0.00149511,0.003967979,0.0000398,0.000332451,0.134693953,0.210648218,0.039581222,0.0535166,0.003535732,0.003500222,0.368871474,0.097622335,0.017502946,0.711779801,0.611767874,-0.208970074,0.610471442,0.114334659,UA
LS48,Lake Malawi,-10.54333,34.56833,40,NA,695,NA,NA,Meromictic,NA,NA,21.862,21.862,1224.197479,0,0.016293606,0.024273697,0.000761252,0.001767551,0.000134575,0.0000683,0.127251619,0.133110649,0.030438031,0.042943454,0.004049299,0.005071666,0.476917391,0.110718992,0.026199926,0.779158498,0.753946658,-0.437594254,0.535190711,0.119668552,UA
LS49,Laguna Amarga,-50.9756,-72.7494,NA,2.276,4.1,8.4,52366.7,Polymictic,Variable,NA,5.6865,5.6865,347.6559385,1,0.037627849,0.116508164,0.006944195,0.018535798,0.002565943,0.004539745,0.067575812,0.203463126,0.069029248,0.088300736,0.003516957,0.00755428,0.328673964,0.033823793,0.011340391,0.682097957,0.477986555,-0.014518923,0.700890244,0.111798037,UA
LS50,Dunn Lake,49.0371,-81.15933,25,NA,NA,NA,NA,NA,NA,NA,0.608333338,10.02663455,826.5050972,0,0.169821843,0.107333405,0.008705743,0.007837,0.001728992,0.001377301,0.218928773,0.146762865,0.050540768,0.040118242,0.008220011,0.002927926,0.175056596,0.050129356,0.010511178,0.349186875,0.444785718,-0.267221558,0.401107222,0.083476175,UA
LS51,Laguna del Negro Francisco,-27.46,-69.23,NA,20.7,1,NA,80000,NA,NA,NA,2.722952022,3.866007596,82.53050993,1,0.034112889,0.066231499,0.007848452,0.007127938,0,0,0.038461703,0.133256421,0.075448069,0.005142237,0.014607556,0.0000772,0.565616061,0.0320843,0.019985676,0.806685413,0.751153925,-0.453510073,0.580259526,0.078656006,UA
LS52,Lac Montbeillard,48.1064,-79.1173,2.6,NA,NA,NA,NA,NA,NA,NA,1.299081929,10.48292995,853.4737425,0,0.086337998,0.05923671,0.005810708,0.006178413,0.002763715,0.000174433,0.239793583,0.128974279,0.045390925,0.034310251,0.017461429,0.001144977,0.280901832,0.067817412,0.023703336,0.500604933,0.625979408,-0.391881198,0.374587295,0.10084431,UA
LS53,Challpa chocha,-13.91079,-70.87119,11.8,0.06,NA,8.26,5,NA,NA,NA,7.8633,7.8633,882.5974734,0,0.303291924,0.129563794,0.005741969,0.002514626,0,0,0.230863243,0.137133504,0.030964455,0.010315556,0.005881718,0.000420516,0.127174518,0.009379241,0.006754934,0.202291029,0.340950146,-0.367454922,0.328942134,0.032558575,UA
LS56,St Louis River,46.690322,-92.189019,2.31,NA,NA,NA,NA,NA,NA,NA,4.8475,12.52285714,765.81,0,0.11947767,0.084829046,0.005878679,0.006400469,0.00146828,0.000856546,0.272418419,0.149453212,0.051758898,0.039693192,0.006247784,0.001863792,0.186833094,0.06183096,0.01098996,0.369189096,0.486581105,-0.307683236,0.381777912,0.089668351,UA
LS57,Laguna de los Pozuelos,-22.36214,-66.00355,0,164.7,1.2,8,2000,NA,NA,NA,7.108545332,7.108545332,230.8703429,0,0.077687855,0.246661072,0.00187748,0.004579914,0,0,0.133756241,0.22169912,0.043039811,0.047292588,0.000284467,0.000526263,0.188715206,0.030850413,0.00302957,0.466579213,0.301518187,0.112668553,0.669560078,0.064086767,UA
LS59,Lago Grande Estana,42.02723,0.53051,20,0.19,20,8,3200,Monomictic,NA,NA,10.08079114,10.08079114,787.0203532,0,0.056982153,0.092074223,0.00640422,0.011662369,0.00000175,0.001939929,0.26495986,0.050198164,0.081219991,0.088350181,0.004365341,0.009284554,0.20436489,0.106470129,0.021722243,0.45201652,0.590499241,-0.319244688,0.363881638,0.1653063,UA
LS61,Buyucekmece,41.09365,28.53883,3.45,29,NA,7.6,NA,NA,NA,NA,13.90190703,13.90190703,791.4525559,0,0.093026028,0.071644912,0.010352509,0.00706972,0.000946733,0.000345865,0.187726669,0.162718853,0.100149484,0.065849226,0.007470299,0.005575856,0.166768603,0.101923753,0.018431491,0.429809371,0.488857208,-0.147507308,0.440766853,0.157391635,UA
LS63,Bear Lake,40.776,-106.633,6,NA,NA,NA,NA,NA,NA,NA,0.516666667,7.503333333,1594.22,0,0.409688351,0.132606761,0.006213444,0.002337643,0,0,0.189748229,0.113646636,0.020787318,0.010312536,0.002377324,0.000397747,0.101481313,0.008454585,0.001948114,0.152824482,0.303661362,-0.433183,0.29261965,0.021974217,UW
LS64,Beaver Lake,40.753,-106.686,5.5,NA,NA,NA,NA,NA,NA,NA,0.729166667,7.711666667,1653.35,0,0.367144296,0.083596743,0.00474777,0.002137373,0,0,0.226153841,0.110286948,0.026749502,0.007424203,0.003289613,0,0.153247331,0.013636869,0.00158551,0.213653777,0.455597387,-0.565788335,0.245092272,0.025752826,UW
LS65,Lower Paintrock Lake,44.392923,-107.381568,5.8,NA,NA,NA,NA,NA,NA,NA,0.215,6.983333333,697.09,0,0.315757709,0.057702346,0.004200405,0.001279813,0,0,0.264520495,0.111720361,0.036626438,0.009547056,0.003985773,0,0.173829765,0.017906216,0.002923623,0.239857294,0.520996531,-0.617616623,0.224871867,0.035297605,UW
LS66,Duncan lake,44.647581,-107.446677,1.296666667,NA,NA,NA,NA,NA,NA,NA,0.9975,7.553333333,693.15,0,0.175354061,0.036000669,0.001405303,0.001024231,0,0,0.300216949,0.121035078,0.01709739,0.008562893,0.005934305,0,0.299307417,0.027656028,0.006405676,0.403576245,0.668117556,-0.653694226,0.251567571,0.033342705,UW
LS69,Rainbow Lake_11m,44.936179,-109.501041,1.633333333,NA,NA,NA,NA,NA,NA,NA,-0.895833333,6.902,966.5,0,0.268760595,0.081883804,0.003595096,0.003670321,0,0,0.243125353,0.154119794,0.018652031,0.009707014,0.00247753,0,0.195463973,0.016016716,0.002527773,0.287434672,0.465520084,-0.454765372,0.316535985,0.024958826,UW
LS72,Lake Eileen,40.902,-106.673,5.73,NA,NA,NA,NA,NA,NA,NA,0.0925,6.921666667,1480.74,0,0.314120358,0.099261641,0.002649838,0.003202495,0,0,0.256214728,0.115502131,0.01264607,0.013151255,0.002763659,0,0.168080798,0.010077159,0.002329869,0.236404923,0.441935762,-0.506111019,0.281065606,0.02044325,UW
LS73,Gem Lake,40.881,-106.734,6.5,NA,NA,NA,NA,NA,NA,NA,0.155833333,6.988333333,1582.24,0,0.320915718,0.090979752,0.002995142,0.004288959,0,0,0.230054777,0.122079975,0.038745864,0.014597738,0.005801076,0.000377085,0.142152114,0.021320208,0.005691592,0.22291252,0.42629738,-0.472804015,0.278523068,0.043610594,UW
LS74,Unnamed,40.506,-106.617,6.03,NA,NA,NA,NA,NA,NA,NA,2.290833333,8.124285714,891.04,0,0.208589565,0.118271642,0.003671885,0.003033922,0,0,0.265445777,0.140326813,0.029961082,0.019067658,0.003789869,0.000140535,0.184284527,0.020881213,0.002535513,0.291839161,0.427925871,-0.370966312,0.355225049,0.037893533,UW
LS75,Middle Rainbow Lake,40.648,-106.624,5.8,NA,NA,NA,NA,NA,NA,NA,1.771666667,7.514285714,1205.18,0,0.316377502,0.065213127,0.004491179,0.001577175,0,0,0.269328264,0.114191618,0.029297572,0.010777905,0.005702861,0,0.162832605,0.016355388,0.003854804,0.229363678,0.490434933,-0.5863285,0.236197168,0.032452239,UW
LS76,Round Mountain Lake,40.585058,-106.678341,3.5,NA,NA,NA,NA,NA,NA,NA,1.269166667,8.25,1347.93,0,0.277777599,0.081303407,0.00276842,0.001770451,0,0,0.296105573,0.132393385,0.014066278,0.005285559,0.001224867,0.000148411,0.179208367,0.007028706,0.000918978,0.241458809,0.460818406,-0.534619914,0.271376529,0.014193162,UW
LS77,Seven Lakes,40.896,-106.681,5.75,NA,NA,NA,NA,NA,NA,NA,-0.030833333,6.868333333,1555.03,0,0.343510647,0.066642975,0.003890797,0.002613535,0,0,0.246008087,0.12605043,0.015703881,0.007804594,0.001737384,0.000137077,0.174953079,0.009382559,0.001564954,0.234983111,0.481110947,-0.577874782,0.24884308,0.018162652,UW
LS78,Teal Lake,40.583,-106.608,13.09,NA,NA,NA,NA,NA,NA,NA,2.665833333,8.545714286,762.21,0,0.214084197,0.059183686,0.002522767,0.002130864,0,0,0.301909448,0.124257703,0.026721978,0.014825734,0.004179447,0.000278193,0.221586441,0.024142589,0.004176952,0.315290399,0.557610395,-0.561504112,0.267573198,0.037362523,UW
LS79,Whale Lake,40.556,-106.675,11.48,NA,NA,NA,NA,NA,NA,NA,1.355833333,8.35,1331.75,0,0.320876967,0.090452274,0.004373198,0.003155692,0,0,0.267695644,0.116708059,0.012996182,0.014729087,0.002742107,0.000430265,0.154338122,0.009701124,0.001801278,0.216104392,0.427721734,-0.521288708,0.269460449,0.02073638,UW
LS80,Queen Sewell Pond,41.7562,-70.60355,7.78,NA,NA,NA,NA,NA,NA,NA,10.24,12.472,1250.98,0,0.068871469,0.017310631,0.000926647,0.001044044,0,0,0.283447595,0.093740579,0.013104967,0.005968117,0,0,0.47120326,0.037429345,0.006953344,0.585221463,0.815019995,-0.822349418,0.242555577,0.035274073,UA
LS81,Rocky Pond,41.8862,-70.69475,5.7,NA,NA,4.9,NA,NA,NA,NA,9.799166667,12.071,1281.09,0,0.065749333,0.029401815,0.003832463,0.002278254,0,0,0.228200113,0.1258922,0.064726231,0.025878968,0,0,0.328805461,0.107443632,0.01779153,0.558670502,0.714784159,-0.495541535,0.335599579,0.117534164,UA
LS82,Sunfish Pond,41.64488,-76.69784,3,NA,NA,NA,NA,NA,NA,NA,7.239166667,12.64375,1052.63,0,0.064279884,0.014035941,0.000511055,0.000828651,0,0,0.295785164,0,0.014111022,0.003279137,0,0,0.556030452,0.04330612,0.007832573,0.618711067,0.972272994,-1.561443325,0.04422853,0.038231932,UA
LS83,Stealing Lake,30.4628,-85.89494,2.2,NA,NA,NA,NA,NA,NA,NA,19.28916667,19.28916667,1571.63,0,0.051124092,0.027177158,0.003012127,0.002514483,0,0,0.191641912,0.098870636,0.06095933,0.027929008,0.007380105,0.001541778,0.391641492,0.11421003,0.021997849,0.634758811,0.774170004,-0.556918193,0.33641268,0.125358271,UA
LS84,Lake Jackson,31.00011667,-86.32276667,7.8,NA,NA,NA,NA,NA,NA,NA,18.95,18.95,1568.5,0,0.018657337,0.008588558,0.000467353,0.000536113,0,0,0.155949368,0.060470152,0.009993573,0.005365431,0,0,0.640080438,0.080399281,0.019492395,0.800339833,0.908614338,-0.938248797,0.287324806,0.067439211,UA
LS85,Griffin Mill Pond,30.568883,-85.54958333,11.2,NA,NA,NA,NA,NA,NA,NA,19.16833333,19.16833333,1530.7,0,0.02368719,0.011283031,0.001171212,0.001432231,0,0,0.148481493,0.058341974,0.009698138,0.004052529,0,0,0.663458515,0.064585229,0.013808458,0.803114566,0.909656839,-0.980074046,0.28831603,0.053114687,UA
LS86,Rattlesnake Lake,30.459483,-85.56696667,5.564,NA,NA,NA,NA,NA,NA,NA,19.48333333,19.48333333,1563.75,0,0.013992665,0.01431511,0,0.00114005,0,0,0.132797258,0.070454033,0.013666512,0.01132563,0.005213244,0,0.562662705,0.133623016,0.040809776,0.821228801,0.884666472,-0.714505523,0.374563713,0.120885376,UA
LS87,Little Rattlesnake Lake,30.462533,-85.573517,2.725,NA,NA,NA,NA,NA,NA,NA,19.48333333,19.48333333,1563.75,0,0.012340697,0.008565325,0.000378934,0.001043356,0,0,0.122655275,0.042454024,0.005505234,0.003352267,0.002069376,0,0.728511476,0.056844861,0.016279176,0.850869621,0.936482286,-1.087149053,0.279010769,0.049302505,UA
LS88,Henry Lee Pond,30.52515,-85.85548,3.7,NA,NA,NA,NA,NA,NA,NA,19.19416667,19.19416667,1554.42,0,0.013217005,0.008909887,0.000358993,0.000642837,0,0,0.117543397,0.044473487,0.005176998,0.002097636,0,0,0.745480677,0.053094105,0.00900498,0.855924825,0.935715987,-1.133158238,0.289841557,0.03922865,UA
LS89,Floodplain Lake 4,30.5358,-85.87165,3.695,NA,NA,NA,NA,NA,NA,NA,19.18583333,19.18583333,1556.18,0,0.010268058,0.005638765,0,0,0,0,0.109680904,0.040788787,0.004361333,0.003599863,0,0,0.774230044,0.043417114,0.008015132,0.869143282,0.942870843,-1.187678007,0.286956936,0.033704287,UA
LS90,False River,30.69115,-91.41861,2,12.4,NA,NA,NA,NA,NA,NA,19.77,19.77,1536.53,0,0.038981074,0.047603583,0.005577553,0.007586416,0,0,0.133645661,0.160605474,0.079617893,0.092399205,0.009752484,0.006773737,0.225331671,0.159675316,0.032449935,0.623347702,0.581363547,-0.077317556,0.543740057,0.20436374,UA
LS91,Lake Bruin,31.96312,-91.20163,3.9,12.14,16.8,NA,NA,NA,NA,NA,18.65666667,18.65666667,1456.33,0,0.056214032,0.06124501,0.008840636,0.008213787,0,0,0.140287307,0.162468039,0.107486121,0.093141447,0.009810138,0.003754797,0.189314612,0.137751133,0.021472942,0.534137503,0.523808623,-0.057042959,0.51036257,0.19668465,UA
LS92,Tokun Lake,60.409,-144.303,32,1.8,32,NA,NA,NA,NA,NA,3.932125243,7.576429013,3289.392118,0,0.395637108,0.102994452,0.007392458,0.001521665,0,0,0.182973347,0.08329162,0.028969285,0.009640547,0.009485851,0.000191752,0.154453445,0.015520751,0.007927718,0.226487676,0.475891748,-0.555821878,0.243839538,0.035655915,UA
LS93,Cabin Lake,60.53,-145.46,4.8,0.1,4.8,NA,NA,NA,NA,NA,4.587916891,7.372500364,2624.377105,0,0.266839225,0.050465395,0.002211736,0.000985686,0,0,0.294883455,0.076949168,0.025419825,0.007954345,0.007436955,0.000300296,0.234132912,0.022593948,0.009827052,0.312235013,0.66319676,-0.73887974,0.187358851,0.038229134,UA
LS94,Cub Lake,60.58,-152.36,34,0.5,34,NA,NA,NA,NA,NA,2.057541683,7.76142879,954.621053,0,0.220655889,0.053827518,0.0052095,0.002242833,0,0,0.285257551,0.071100345,0.018047341,0.006495273,0.003896349,0.005085782,0.300355087,0.02390669,0.003919842,0.385125325,0.714051836,-0.775043979,0.200528473,0.028614762,UA
LS95,Mother Goose Lake,57.2,-157.34,33.7,28,50,4.5,200,Well mixed,NA,NA,2.695000095,7.473571705,563.603023,0,0.29185217,0.027115823,0.002365956,0.001570036,0,0,0.404916537,0.011847954,0.011273728,0.002089746,0.0000182,0.003485334,0.222458051,0.018615098,0.002391397,0.25587258,0.855708556,-1.325483656,0.054804091,0.018518451,UA
LS96,Andrew Lake,51.94,-176.64,26,NA,NA,NA,NA,NA,NA,NA,4.366625222,5.321950272,852.296039,0,0.254571434,0.128348951,0.003603144,0.006683088,0,0,0.182650637,0.160055404,0.022319156,0.034137279,0.005610427,0.00271229,0.168541074,0.022526551,0.008240567,0.302509475,0.381926336,-0.262760714,0.412413633,0.048637146,UA
LS97,Allison Lake,61.05,-146.35,50,1,50,NA,NA,Dimictic,NA,NA,1.25545839,6.17357168,2028.713088,0,0.223453334,0.138097304,0.005858264,0.002472863,0,0,0.235423344,0.121806824,0.010398418,0.013406411,0.005069651,0.00334597,0.227052786,0.011406716,0.002208115,0.338995827,0.468244835,-0.39612845,0.368052553,0.020151357,UA
LS98,Ashley Lake / Heart Lake,51.852,-176.69,8,NA,NA,NA,NA,NA,NA,NA,4.212500215,5.172500262,891.245034,0,0.266707398,0.09762178,0.003784526,0.004887817,0,0,0.226081659,0.129209297,0.021327339,0.019173027,0.005699039,0.001806797,0.198257479,0.019553033,0.005890808,0.303193208,0.476258754,-0.438287899,0.323638297,0.036508143,UA
LS99,Redoubt Lake,60.63,-152.43,28.5,NA,NA,NA,NA,NA,NA,NA,1.801666771,7.589286157,1064.63005,0,0.360066295,0.242662874,0.00398676,0.007907726,0,0,0.126559653,0.125218724,0.003581035,0.007887362,0.000444888,0.00062347,0.116852011,0.003761183,0.000448021,0.198049261,0.243667195,-0.205223019,0.433925403,0.008168701,UA
LS100,Shirley Lake,51.927,-176.556,6.1,NA,NA,NA,NA,NA,NA,NA,4.327041884,5.288000274,885.231039,0,0.259524038,0.136139336,0.005720337,0.006356157,0,0,0.231536246,0.118509745,0.035924065,0.024079566,0.004884645,0.000742384,0.151550441,0.020166241,0.004866799,0.250982881,0.387829513,-0.355248717,0.345940364,0.045761882,UA
LS101,Lower Ohmer Lake,60.456,-150.316,26.2,0.47,NA,NA,NA,NA,NA,NA,2.260416766,8.260000365,495.684024,0,0.271523345,0.167577172,0.010065168,0.009967572,0,0,0.177517724,0.122881603,0.064185593,0.032290434,0.007375579,0.00235767,0.104005803,0.02392399,0.006328347,0.207353346,0.293776764,-0.225463677,0.38607479,0.068569391,UA
LS102,Lone Spruce Pond,60.007,-159.143,22,0.05,22,NA,NA,NA,NA,NA,-0.054166647,9.144000405,1038.914043,0,0.231896313,0.048675983,0.005826733,0.002464294,0,0,0.335766524,0.067589357,0.018145792,0.011202585,0.0000475,0.003702891,0.259374618,0.012457698,0.002849713,0.319215585,0.683033844,-0.802521979,0.178707577,0.024042253,UA
LS103,Cascade Lake 2009,60.13931111,-159.4053833,55,2.96,NA,NA,NA,NA,NA,NA,-1.179166671,7.483000335,772.228031,0,0.217018264,0.115650412,0.015120418,0.007651139,0,0,0.23174898,0.117683355,0.021186771,0.029201632,0.006858746,0.006170274,0.206535294,0.019913746,0.00526097,0.330229286,0.468815705,-0.388637166,0.358415281,0.041912537,UA
LS104,Hidden Lake,60.48,-150.27,45,6.8,45.1,NA,NA,NA,NA,NA,1.896250073,8.130714644,504.044028,0,0.286077159,0.230015573,0.011894273,0.023364636,0,0,0.1302403,0.098785756,0.073295864,0.040953156,0.0110559,0.004801163,0.062363162,0.019496114,0.007656946,0.154570291,0.194909496,-0.103230796,0.430263365,0.078544385,UA
LS105,Judd Lake,61.57,-151.56,35,1.3,NA,6.5,18,NA,Oligotrophic,NA,0.461625059,9.746900457,1053.797035,0,0.166338833,0.036801366,0.001734813,0.002459486,0,0,0.350516905,0.112015839,0.001121514,0.027796717,0.000204269,0.005210041,0.264716123,0.027533271,0.003550822,0.3634903,0.626145986,-0.637299106,0.254270323,0.032084864,UA
LS106,Upper Togiak Lake,59.859,-159.455,67,7.38,67,7.5,62,NA,NA,NA,0.455374976,8.04908369,1255.184045,0,0.377129724,0.108072144,0.006930398,0.003593553,0,0,0.174460617,0.108979279,0.022057426,0.013391575,0.00600853,0.001247449,0.157335165,0.014898311,0.005895829,0.236944317,0.435979883,-0.477065526,0.286588291,0.031631898,UA
LS107,Shadow Bay Lake,60.007,-159.185,69,4.3,69,NA,NA,NA,NA,NA,-0.167499992,9.003000373,1024.109045,0,0.300576459,0.099550391,0.007960246,0.003832544,0,0,0.217102024,0.106124973,0.02094268,0.014640724,0.006014684,0.002755556,0.199350878,0.015661384,0.005487455,0.290467201,0.500208283,-0.501806188,0.290295525,0.031762992,UA
LS108,Sheep Lake,60.035065,-150.369927,24,0.23,NA,NA,NA,NA,NA,NA,1.285104209,6.265000304,1969.767066,0,0.392575058,0.056320716,0.004142796,0.004851528,0,0,0.250458435,0.078572049,0.020512352,0.004381059,0.003429221,0.000122007,0.169401435,0.012484397,0.002748947,0.217683326,0.570021226,-0.757430604,0.173480832,0.021710218,UA
LS109,Robe Lake,61.087,-146.143,5,2.8,5,7,100,Dimictic,NA,NA,3.477083491,8.42707178,1583.653052,0,0.373137936,0.083401834,0.003616912,0.00594009,0,0,0.225206553,0.100776097,0.002659469,0.045815837,0.0000366,0.001800313,0.136114061,0.019167719,0.002326607,0.207758795,0.406624125,-0.499879991,0.276768228,0.036564734,UA
LS110,Arolik Lake slime,59.46326944,-161.1042028,NA,NA,NA,NA,35,NA,NA,NA,0.295833285,8.881000423,887.608043,0,0.227692068,0.155008733,0.001585898,0.00383685,0,0,0.244238026,0.131290911,0.023566784,0.016760335,0.003734534,0.00106701,0.169211168,0.017269478,0.004738205,0.278454159,0.386864335,-0.318687675,0.379509582,0.033882933,UA
LS111,Emerald Lake,59.63,-151.074,52,NA,NA,NA,NA,NA,NA,NA,1.902125105,6.419357462,1127.786044,0,0.259613462,0.146679151,0.016218645,0.013231578,0,0,0.172197627,0.109872245,0.050280146,0.027291928,0.017498924,0.0003106,0.154975213,0.018346636,0.013483846,0.27927426,0.396910835,-0.29524537,0.370584302,0.064491031,UA
LS112,High Lake,59.965,-159.486,NA,5.93,NA,NA,NA,NA,NA,NA,-0.66083338,7.829000254,1098.564055,0,0.328664599,0.08799989,0.009950002,0.008844599,0,0,0.190543326,0.087720674,0.035047831,0.015278036,0.013915882,0.000511209,0.194533046,0.016469175,0.010521731,0.285550073,0.536998404,-0.54922176,0.256286459,0.045428462,UA
LS113,Ptarmigan Lake,61.15,-145.72,NA,2.5,75,NA,NA,NA,NA,NA,-0.862916694,8.260000452,1385.171055,0,0.395232463,0.089167701,0.004482317,0.001004353,0,0,0.226204978,0.096670923,0.014053093,0.009859789,0.003042483,0.000309283,0.144203099,0.01268257,0.003086946,0.201106255,0.449776907,-0.585640526,0.235443955,0.021575365,UA
LS114,Greyling lake,61.382,-145.738,15,0.7,36,NA,NA,NA,NA,NA,-1.942500169,7.696000296,1442.58105,0,0.405189088,0.192136355,0.030872509,0.010639706,0,0,0.126595865,0.098288881,0.024107196,0.015299661,0.006120593,0.002679657,0.076050281,0.008935022,0.003085187,0.136763353,0.223645306,-0.294094397,0.35482689,0.028700099,UA
LS115,Mica Lake,60.92,-147.869,58,0.65,60,6,NA,NA,NA,NA,3.488750146,7.818571789,3817.999145,0,0.320827811,0.026152822,0.002399808,0.001268713,0,0,0.316020654,0.055913841,0.011657828,0.006379381,0.002128345,0.00000943,0.243506096,0.012656963,0.001078311,0.284009974,0.744144448,-0.992716418,0.120015962,0.016521325,UA
LS116,Shainin Pond,68.331,-151.091,NA,0.1,NA,NA,NA,NA,NA,NA,-8.083333691,8.038333694,346.514013,0,0.354644396,0.169483855,0.010628633,0.008238347,0,0,0.150439831,0.114121191,0.04779702,0.02646532,0.00314612,0.000862618,0.09134704,0.019451333,0.003374296,0.171159581,0.269120904,-0.279399525,0.359313734,0.051407107,UA
LS117,Cascade Lake 2012,68.378,-154.602,55,2.96,NA,NA,NA,NA,NA,NA,-7.745417044,6.905000448,525.701019,0,0.50078253,0.126491276,0.010860067,0.002603205,0,0,0.113409389,0.025218465,0.01096545,0.00383267,0.012194915,0.001633432,0.163629908,0.020897146,0.007481547,0.234968915,0.552461637,-0.678628693,0.199234603,0.02603985,UA
LS118,Shainin Lake,68.34,-151.061,25,4.89,NA,NA,NA,NA,NA,NA,-8.399583618,8.160000563,326.601014,0,0.241824614,0.238236329,0.016997464,0.022916105,0,0,0.143014971,0.142199989,0.028558288,0.045986367,0.004795342,0.004734193,0.08881712,0.018838111,0.003081105,0.211274773,0.206151869,-0.042496689,0.507754521,0.052361398,UA
LS119,Upper Kurupa,68.21731111,-154.4953611,40,0.32,NA,NA,NA,NA,NA,NA,-7.606250371,5.55666697,656.076025,0,0.281528057,0.117449972,0.018098566,0.005326737,0,0,0.215930104,0.157343475,0.012253926,0.015823158,0.003737503,0.001447137,0.159151461,0.00930543,0.002604473,0.251275022,0.370520959,-0.350112057,0.363121562,0.021922944,UA
LS120,Kurupa Lake,68.35,-154.61,34,3.81,NA,NA,NA,NA,NA,NA,-8.115875408,6.839833697,523.285022,0,0.348375632,0.153644151,0.006863166,0.005172201,0,0,0.186631514,0.145408769,0.01848152,0.021677687,0.002715961,0.001653118,0.093431902,0.014289871,0.001654507,0.165005377,0.254300229,-0.289888182,0.366876614,0.029360692,UA
R1,Albert,1.683,30.917,58,5660,NA,9,770,NA,NA,26.8,26.8,26.8,1276.959344,0,0.008869822,0.10719949,0,0,0,0,0.040676486,0.401293712,0.009621927,0.033752789,0,0,0.333549072,0.052230791,0.012805912,0.87074229,0.423652548,0.161026681,0.901618165,0.060608665,Russell2018
R2,Alice,-0.076,37.465,26.5,0.186,NA,7.4,25,NA,NA,9.6,9.6,9.6,1838.973757,0,0.241113013,0.094286852,0,0,0,0,0.30378843,0.130240633,0.028218108,0.017901624,0,0,0.159609319,0.019889672,0.004952349,0.243477333,0.432091328,-0.454520487,0.297258914,0.037957051,Russell2018
R3,Bandasa,-0.157,37.449,0.3,0.00542,NA,8.1,21,NA,NA,12.8,12.8,12.8,1838.973757,0,0.10201588,0.019889084,0,0,0,0,0.320901424,0.106106042,0.022179264,0.007385479,0,0,0.362636016,0.046497341,0.012389469,0.486399022,0.759632762,-0.731507294,0.230571942,0.050420511,Russell2018
R4,Batoda,0.3,29.883,14.5,0.0953,NA,5.3,13,NA,NA,4.2,4.2,4.2,1303.666971,0,0.362970257,0.078831698,0,0,0,0,0.266264832,0.115363199,0.010372481,0.000862789,0,0,0.159584402,0.005230592,0.00051975,0.205399494,0.458763088,-0.605658885,0.233695706,0.008752681,Russell2018
R5,Bigata,0.307,29.883,18,0.0144,NA,5.9,8,NA,NA,4.2,4.2,4.2,1303.666971,0,0.370813571,0.023451454,0,0,0,0,0.369144958,0.031335199,0.009258949,0.000513182,0,0,0.190726618,0.00357703,0.001179039,0.206925641,0.779490873,-1.216916753,0.068736662,0.00785362,Russell2018
R6,Bugwagi,-0.2,30.183,85,0.602,NA,7.2,439,NA,NA,24,24,24,1126.844934,0,0.030920509,0.035167781,0,0,0,0,0.137055471,0.140120989,0.074199893,0.046694289,0,0,0.355541979,0.158705329,0.02159376,0.688726736,0.707078396,-0.33229563,0.478247953,0.161393516,Russell2018
R7,Bukurungu East,0.4,29.9,17.3,0.0302,NA,4.3,13,NA,NA,5.4,5.4,5.4,1303.666971,0,0.320460662,0.012499839,0,0,0,0,0.39490988,0.023577847,0.014189629,0.000390892,0,0,0.226163803,0.005025179,0.002782268,0.242826798,0.865150861,-1.379987145,0.047607323,0.012585118,Russell2018
R8,Chibwera,-0.15,30.15,11.7,0.764,NA,8.3,472,NA,NA,24.6,24.6,24.6,1126.844934,0,0.028058478,0.029814917,0,0,0,0,0.113346448,0.137175127,0.056922372,0.052811322,0,0,0.422286078,0.131180066,0.028405192,0.745798968,0.725821566,-0.356227852,0.52567878,0.148862072,Russell2018
R9,Edward,-0.246,29.75,29,2330,NA,8.1,840,NA,NA,25.1,25.1,25.1,946.2440823,0,0.067645317,0.065834528,0,0,0,0,0.164223588,0.162223651,0.096923173,0.031256891,0,0,0.274497843,0.113175938,0.024219071,0.556097249,0.613659104,-0.251859818,0.440931675,0.144897072,Russell2018
R10,Eldoret Nakuru 2,0.361,35.351,1.5,5.00E-04,NA,6.9,171,NA,NA,15.6,15.6,15.6,1465.939855,0,0.069061399,0.045597356,0,0,0,0,0.158778401,0.165741616,0.015909772,0.016194799,0,0,0.474736821,0.046071496,0.007908338,0.684452778,0.699129067,-0.474809555,0.482796123,0.046996372,Russell2018
R11,Enchanted,-0.172,37.336,33.3,0.0487,NA,6.6,32,NA,NA,6.3,6.3,6.3,1838.973757,0,0.370461326,0.078238734,0,0,0,0,0.245449006,0.066641503,0.081552795,0.004615573,0,0,0.114965577,0.028014015,0.01006147,0.179941574,0.505859207,-0.660927023,0.176508923,0.067152662,Russell2018
R12,Gallery Tarn,-0.164,37.325,10.4,0.0171,NA,6.4,13,NA,NA,5.1,5.1,5.1,1838.973757,0,0.267104435,0.075425047,0,0,0,0,0.262701093,0.156749287,0.029712156,0.025443874,0,0,0.148869367,0.030927398,0.003067342,0.246320841,0.415145173,-0.415544826,0.315269725,0.046109056,Russell2018
R13,Hanging Tarn,-0.156,37.333,7.5,0.00717,NA,8,19,NA,NA,5.2,5.2,5.2,1838.973757,0,0.355635331,0.030117326,0,0,0,0,0.283840865,0.059419546,0.073686068,0.002229724,0,0,0.159855697,0.02737946,0.007835983,0.214780847,0.680074884,-0.904456558,0.114005846,0.059483609,Russell2018
R14,Harris Tarn,-0.151,37.319,7.1,0.00209,NA,8.2,26,NA,NA,3.7,3.7,3.7,1838.973757,0,0.387881712,0.102273416,0,0,0,0,0.321240725,0.0665728,0.001830502,0.003754753,0,0,0.112853784,0.003226895,0.000365414,0.140737526,0.402862054,-0.67689755,0.195348544,0.004771489,Russell2018
R15,Hausburg Tarn,-0.145,37.301,10.7,0.017,NA,7,24,NA,NA,5.6,5.6,5.6,1838.973757,0,0.303500577,0.042550151,0,0,0,0,0.330259945,0.03102993,0.09040028,0.003365087,0,0,0.146812471,0.031923638,0.020157922,0.21547369,0.72105064,-0.905180471,0.096048676,0.083002424,Russell2018
R16,Hut Tarn,-0.157,37.299,7.9,0.02,NA,6.5,20,NA,NA,4.9,4.9,4.9,1838.973757,0,0.299357668,0.055792878,0,0,0,0,0.316143904,0.079327413,0.057070103,0.002275594,0,0,0.167467995,0.017175682,0.005388764,0.220300874,0.580378745,-0.739063364,0.169631343,0.043649453,Russell2018
R17,Ibamba,-0.2,30.2,1.2,0.02,NA,6.3,104,NA,NA,23.8,23.8,23.8,1126.844934,0,0.034426828,0.009409882,0,0,0,0,0.191905294,0.084391316,0.015507716,0.00640693,0,0,0.581179544,0.061998447,0.014774043,0.731226914,0.867827231,-0.846518301,0.292965133,0.05673059,Russell2018
R18,Irene,0.383,29.883,3.5,0.00016,NA,5.7,7,NA,NA,1.6,1.6,1.6,1303.666971,0,0.588691518,0.110709776,0,0,0,0,0.155358691,0.064842329,0.00469349,0.000967331,0,0,0.072562804,0.002134966,0.0000391,0.090757296,0.297452714,-0.665127577,0.190777552,0.003936993,Russell2018
R19,Kacuba,-0.333,30.017,14.5,0.506,NA,8.1,183,NA,NA,23.5,23.5,23.5,1126.844934,0,0.037001653,0.052556406,0,0,0,0,0.129969065,0.168472588,0.057287405,0.038357522,0,0,0.381817079,0.104837892,0.029700391,0.697199514,0.665627803,-0.278376023,0.536316326,0.1299418,Russell2018
R20,Kako,-0.3,30.1,29,0.171,NA,6.7,89,NA,NA,21.2,21.2,21.2,1126.844934,0,0.028242467,0.042429396,0,0,0,0,0.117920562,0.192870732,0.035581158,0.049525804,0,0,0.411956413,0.103840274,0.017633193,0.745874193,0.651910897,-0.26606046,0.610467581,0.112106811,Russell2018
R21,Kamweru,-0.25,30.117,44,0.203,NA,6.6,158,NA,NA,22.5,22.5,22.5,1126.844934,0,0.028859184,0.054510543,0,0,0,0,0.15231413,0.185489806,0.02234142,0.02942071,0,0,0.444803274,0.074660125,0.007600808,0.721433616,0.661737548,-0.354044039,0.569677878,0.070811936,Russell2018
R22,Kanyabutetere,0.417,30.283,5,NA,NA,7.8,401,NA,NA,22.8,22.8,22.8,1040.391543,0,0.034595639,0.04779976,0,0,0,0,0.148991437,0.178582065,0.028407999,0.048988326,0,0,0.3849582,0.105405148,0.022271426,0.707443634,0.650547678,-0.281071459,0.565018053,0.113672163,Russell2018
R23,Kanyanchu,0.433,30.317,4.8,0.0072,NA,7.9,635,NA,NA,22.5,22.5,22.5,1040.391543,0,0.030981677,0.08704528,0,0,0,0,0.099486211,0.230728163,0.042386929,0.062634778,0,0,0.342024675,0.086673721,0.018038566,0.721018221,0.540094981,-0.074024648,0.687572086,0.11388628,Russell2018
R24,Kasirya,-0.25,30.133,43,0.0872,NA,6.6,302,NA,NA,22.3,22.3,22.3,1126.844934,0,0.024034949,0.052751632,0,0,0,0,0.121176114,0.191086676,0.037130674,0.045691299,0,0,0.405325177,0.107338839,0.01546464,0.743350689,0.645903894,-0.256494265,0.613577431,0.110545046,Russell2018
R25,Katanda,0.483,30.267,146,0.367,NA,7,426,NA,NA,21.6,21.6,21.6,1040.391543,0,0.023405314,0.066031976,0,0,0,0,0.08650158,0.212061958,0.053022658,0.108227175,0,0,0.296181497,0.13213334,0.022434501,0.734503574,0.538484353,0.002843152,0.703360299,0.169126088,Russell2018
R26,Katunda,0.28,29.895,10.5,0.0377,NA,5.2,14,NA,NA,5.5,5.5,5.5,1303.666971,0,0.359174377,0.075845385,0,0,0,0,0.309508501,0.043075696,0.017680266,0.0008132,0,0,0.181103095,0.010529264,0.002270217,0.220277323,0.618239125,-0.842933716,0.148535744,0.016781582,Russell2018
R27,Kifuruka,0.483,30.283,4.2,0.13,NA,7.4,359,NA,NA,21.1,21.1,21.1,1040.391543,0,0.041956643,0.095063684,0,0,0,0,0.124041648,0.217931946,0.037016876,0.070459907,0,0,0.321640099,0.081273413,0.010615786,0.670720964,0.51886721,-0.092523057,0.653835792,0.104990884,Russell2018
R28,Kisibendi,0.383,30.3,4.5,NA,NA,6.2,277,NA,NA,23.3,23.3,23.3,1040.391543,0,0.034009598,0.055878456,0,0,0,0,0.102388023,0.297371988,0.011284255,0.030756921,0,0,0.414470543,0.048792609,0.00504761,0.76025383,0.549455359,-0.151036701,0.72224024,0.050464502,Russell2018
R29,Kitere,0.4,30.25,51,0.098,NA,7.1,711,NA,NA,23.1,23.1,23.1,1040.391543,0,0.018326448,0.060477648,0,0,0,0,0.06729302,0.254995197,0.031781494,0.092678556,0,0,0.356739114,0.108917241,0.008791281,0.801636834,0.537557391,-0.025698102,0.776614149,0.125479927,Russell2018
R30,Kopello,0.31,29.892,14.1,0.0301,NA,5.1,9,NA,NA,4,4,4,1303.666971,0,0.417470907,0.023800974,0,0,0,0,0.349140818,0.036178933,0.007081107,0.000690938,0,0,0.162065603,0.002702162,0.000868557,0.176334697,0.731909308,-1.178711571,0.072715108,0.006105661,Russell2018
R31,Kyasunduka,-0.283,30.042,2,0.503,NA,8.6,260,NA,NA,24.3,24.3,24.3,1126.844934,0,0.018152085,0.052985322,0,0,0,0,0.063747006,0.204643875,0.045728353,0.078292355,0,0,0.390829613,0.134983642,0.010637748,0.8078127,0.614933379,-0.134834416,0.724673238,0.140139923,Russell2018
R32,Kyerbwato,0.433,30.317,14.1,0.0144,NA,8,464,NA,NA,22.5,22.5,22.5,1040.391543,0,0.023003579,0.0509564,0,0,0,0,0.093691029,0.192411839,0.053320836,0.04659922,0,0,0.399082677,0.118783195,0.022151224,0.760552602,0.650635115,-0.218142446,0.630387471,0.13150285,Russell2018
R33,Kyogo,-0.333,30.017,3.4,0.018,NA,6.8,56,NA,NA,23.5,23.5,23.5,1126.844934,0,0.018756915,0.015816335,0,0,0,0,0.138773554,0.131148952,0.018423789,0.037117452,0,0,0.535874116,0.093077576,0.011011311,0.784347916,0.776611019,-0.550742685,0.511288397,0.08532072,Russell2018
R34,Lake Ellis,-0.124,37.401,15.5,0.108,NA,7.3,41,NA,NA,10.1,10.1,10.1,1838.973757,0,0.148958397,0.035206659,0,0,0,0,0.241516964,0.075997599,0.126604018,0.032885717,0,0,0.229278594,0.086109653,0.023442399,0.395871804,0.701628034,-0.568120564,0.217932023,0.146242093,Russell2018
R35,Large Hall Tarn,-0.143,37.346,8.2,0.00934,NA,7.2,10,NA,NA,6,6,6,1838.973757,0,0.235021554,0.056161774,0,0,0,0,0.296715292,0.114813443,0.030315527,0.002039265,0,0,0.23226906,0.025139584,0.007524499,0.320360076,0.604942527,-0.626525729,0.235372444,0.036271687,Russell2018
R36,Lewis Tarn,-0.162,37.311,16.3,0.0163,NA,6,23,NA,NA,4.5,4.5,4.5,1838.973757,0,0.34009115,0.075412866,0,0,0,0,0.302790892,0.054357585,0.034189059,0.001793729,0,0,0.1610561,0.026903909,0.003404711,0.220355627,0.592590877,-0.774988954,0.162699035,0.034848059,Russell2018
R37,Lower Simba,-0.145,37.319,3,0.000844,NA,6.4,33,NA,NA,5.4,5.4,5.4,1838.973757,0,0.272618471,0.075656798,0,0,0,0,0.324513776,0.041468084,0.105442088,0.004307821,0,0,0.152658804,0.019074943,0.004259214,0.200318134,0.591720831,-0.775632903,0.147368527,0.06867164,Russell2018
R38,Mahoma,0.346,29.968,13.2,0.0476,NA,5.6,13,NA,NA,10,10,10,1303.666971,0,0.224169907,0.009144766,0,0,0,0,0.373243331,0.032910343,0.008297882,0.000787915,0,0,0.339458562,0.008318866,0.003668428,0.367176821,0.891341029,-1.304120269,0.066059286,0.01237076,Russell2018
R39,Mahuhura,0.433,30.267,70,0.186,NA,8,603,NA,NA,20.5,20.5,20.5,1040.391543,1,0.187183023,0.099639411,0,0,0,0,0.275686683,0.117729739,0.066598,0.00197658,0,0,0.15441538,0.090656155,0.006115029,0.321764158,0.533834908,-0.43741482,0.292924405,0.085730397,Russell2018
R40,Mbajo,0.45,30.267,35,0.08,NA,6.9,504,NA,NA,22.5,22.5,22.5,1040.391543,0,0.023025399,0.070852507,0,0,0,0,0.092449985,0.213154827,0.046020423,0.100949161,0,0,0.310182546,0.120254901,0.023110249,0.737423766,0.540900929,-0.018329526,0.704464953,0.156722492,Russell2018
R41,Mbugo,-0.167,30.15,2.6,NA,NA,9.5,214,NA,NA,24.5,24.5,24.5,1126.844934,0,0.054675881,0.058109659,0,0,0,0,0.172661335,0.166513177,0.029089588,0.05891974,0,0,0.365590699,0.085656225,0.008783696,0.64209066,0.618675636,-0.307134049,0.52510862,0.095616473,Russell2018
R42,Middle Kachope,0.333,29.867,3.3,0.0101,NA,6.6,25,NA,NA,5.1,5.1,5.1,1303.666971,0,0.441870566,0.097595376,0,0,0,0,0.241966954,0.050599443,0.017959294,0.002670986,0,0,0.129928624,0.014592098,0.002816659,0.173514837,0.494083859,-0.723875303,0.176934935,0.020427848,Russell2018
R43,Mirambi,-0.217,30.1,21.3,0.53,NA,7.8,626,NA,NA,23.7,23.7,23.7,1126.844934,0,0.038741936,0.033440348,0,0,0,0,0.131992234,0.151035845,0.05878962,0.041607215,0,0,0.384324441,0.147671232,0.012397129,0.703425676,0.70656666,-0.366885904,0.496224399,0.136431163,Russell2018
R44,Murabio,-0.35,30.033,15,0.16,NA,7.2,718,NA,NA,23.6,23.6,23.6,1126.844934,0,0.019538202,0.04693823,0,0,0,0,0.071910994,0.197094477,0.02993524,0.058254867,0,0,0.446693804,0.106966375,0.022667811,0.826025119,0.655950126,-0.219073957,0.713494323,0.120246052,Russell2018
R45,Murusi,0.433,30.283,60,0.214,NA,6.6,374,NA,NA,22.5,22.5,22.5,1040.391543,0,0.029393596,0.033471273,0,0,0,0,0.13294458,0.163628911,0.051424312,0.040038505,0,0,0.409778374,0.121768664,0.017551786,0.719788532,0.698387974,-0.351471808,0.525921646,0.124167526,Russell2018
R46,Mwengenyi,0.483,30.267,140,0.294,NA,6.9,356,NA,NA,21.2,21.2,21.2,1040.391543,0,0.039715902,0.065548274,0,0,0,0,0.134805071,0.195687025,0.058656806,0.054561251,0,0,0.308741347,0.113606096,0.028678227,0.659198182,0.588175014,-0.147025507,0.575248301,0.142090304,Russell2018
R47,Nanyuki Tarn,-0.155,37.297,5.3,0.00769,NA,6.2,14,NA,NA,5,5,5,1838.973757,0,0.248331646,0.058609999,0,0,0,0,0.287652532,0.042608058,0.12847798,0.008845987,0,0,0.141461609,0.054600558,0.029411631,0.253359578,0.671977255,-0.686376074,0.142104998,0.125373894,Russell2018
R48,Njarayabana,0.433,30.25,37,0.122,NA,7.8,861,NA,NA,22.9,22.9,22.9,1040.391543,0,0.037147993,0.069193101,0,0,0,0,0.115223395,0.259307424,0.039617281,0.061335126,0,0,0.30651924,0.101265724,0.010390716,0.685349252,0.517536901,-0.059403491,0.670022956,0.111499782,Russell2018
R49,Nkugute,-0.317,30.1,58,0.89,NA,6.5,103,NA,NA,21.1,21.1,21.1,1126.844934,0,0.042442192,0.050064394,0,0,0,0,0.145723783,0.182734596,0.024517025,0.043152745,0,0,0.415300456,0.086162867,0.009901942,0.706258532,0.64950365,-0.324509334,0.564740317,0.086818261,Russell2018
R50,Nkuruba,0.517,30.3,34,0.0132,NA,6.6,352,NA,NA,20.5,20.5,20.5,1190.46273,0,0.028669482,0.080601972,0,0,0,0,0.108297361,0.231119209,0.038054273,0.057631062,0,0,0.35074772,0.088765671,0.016113251,0.722474053,0.552288853,-0.102180217,0.678490666,0.108338754,Russell2018
R51,Nyamswiga,0.517,30.283,39.5,0.0292,NA,7.8,320,NA,NA,20.7,20.7,20.7,1190.46273,0,0.039403023,0.078313303,0,0,0,0,0.130979526,0.211391779,0.043234884,0.050721657,0,0,0.330206571,0.097872308,0.01787695,0.676127816,0.567097806,-0.145230127,0.614439708,0.113791374,Russell2018
R52,Nyamugosani,0.417,30.233,36.7,0.114,NA,8.5,981,NA,NA,22.5,22.5,22.5,1040.391543,0,0.03443527,0.068758669,0,0,0,0,0.113641936,0.221040057,0.04660623,0.073509834,0,0,0.309313139,0.115229816,0.017465049,0.694226396,0.548862427,-0.079620153,0.651099949,0.135137989,Russell2018
R53,Nyamusingere,-0.283,30.033,4.5,3.84,NA,9.2,749,NA,NA,24.5,24.5,24.5,1126.844934,0,0.014829957,0.060269566,0,0,0,0,0.055540508,0.228873855,0.027533659,0.111433667,0,0,0.351260342,0.137645511,0.012612936,0.836669367,0.555948433,-0.008782508,0.803595157,0.150919354,Russell2018
R54,Nyantonde,0.483,30.283,180,0.125,NA,6.9,438,NA,NA,21.2,21.2,21.2,1040.391543,0,0.025846828,0.07005002,0,0,0,0,0.103696008,0.245376033,0.04335506,0.071585992,0,0,0.331386792,0.09628581,0.012417458,0.717942426,0.532086737,-0.062194485,0.691204097,0.118030889,Russell2018
R55,Oblong Tarn,-0.144,37.301,3.4,0.0113,NA,6.4,25,NA,NA,5.6,5.6,5.6,1838.973757,0,0.339089856,0.051259832,0,0,0,0,0.336501378,0.029946009,0.063377354,0.004134282,0,0,0.146148883,0.020839925,0.008702482,0.19208374,0.673065697,-0.941409839,0.103529323,0.052878262,Russell2018
R56,Ruhandika,0.383,29.883,3,9.00E-05,NA,6,5,NA,NA,2.4,2.4,2.4,1303.666971,0,0.480635707,0.087982937,0,0,0,0,0.21413388,0.086332498,0.003791887,0.003501074,0,0,0.119395285,0.003851198,0.000375533,0.150358183,0.41010689,-0.659824056,0.202899334,0.005947613,Russell2018
R57,Rutundu,-0.042,37.464,10.8,0.0801,NA,7.6,34,NA,NA,12,12,12,1838.973757,0,0.141655972,0.017489731,0,0,0,0,0.25960508,0.059391666,0.112273697,0.008810865,0,0,0.265391817,0.095448708,0.039932464,0.438334898,0.823847106,-0.724824625,0.143004672,0.148199099,Russell2018
R58,Small Hall Tarn,-0.144,37.345,2.8,0.00358,NA,7.3,11,NA,NA,6,6,6,1838.973757,0,0.308269988,0.06793976,0,0,0,0,0.26359011,0.118491397,0.021105097,0.006035056,0,0,0.194623958,0.015651034,0.0042936,0.265708501,0.527150478,-0.590566724,0.245045221,0.025689194,Russell2018
R59,Square Tarn,-0.154,37.323,3,0.000475,NA,4.9,18,NA,NA,4.1,4.1,4.1,1838.973757,0,0.228355334,0.156751818,0,0,0,0,0.284166475,0.150019147,0.003984122,0.003007309,0,0,0.169358599,0.003287475,0.001069721,0.251681146,0.359292505,-0.341160142,0.374905235,0.006209174,Russell2018
R60,Tanganyika,-4.872,29.617,110,32600,NA,8.8,680,NA,NA,23.8,23.8,23.8,1064.325441,0,0.020713491,0.110457159,0,0,0,0,0.049794746,0.282499718,0.030271188,0.054538717,0,0,0.327085531,0.088663667,0.035975782,0.817595255,0.502351696,0.084931198,0.816188188,0.122712568,Russell2018
R61,Teleki Tarn,-0.169,37.306,7.9,0.0419,NA,6.7,18,NA,NA,6,6,6,1838.973757,0,0.175839011,0.071580815,0,0,0,0,0.228900977,0.050765608,0.21329527,0.006641168,0,0,0.173419746,0.062791012,0.016766393,0.290440352,0.662304981,-0.598427407,0.17266887,0.158130118,Russell2018
R62,Thompson Lake,-0.168,37.32,4.8,0.00589,NA,6.8,36,NA,NA,5.8,5.8,5.8,1838.973757,0,0.377398407,0.105373973,0,0,0,0,0.231319257,0.068716008,0.05454077,0.004338727,0,0,0.131620537,0.020201596,0.006490724,0.192695216,0.470131619,-0.602447609,0.211989348,0.046031271,Russell2018
R63,Veggi Tarn,-0.144,37.344,1.5,0.00427,NA,7.3,13,NA,NA,6,6,6,1838.973757,0,0.444710125,0.067514528,0,0,0,0,0.230105986,0.099944152,0.021291968,0.002937929,0,0,0.116365952,0.013671472,0.003457888,0.160914617,0.439285492,-0.658090504,0.196648225,0.022408573,Russell2018
R64,Wandakara,0.417,30.267,12,0.0308,NA,7.9,1225,NA,NA,23.1,23.1,23.1,1040.391543,0,0.02117175,0.07729239,0,0,0,0,0.075987267,0.254277015,0.02944383,0.08113647,0,0,0.362434759,0.089091773,0.009164745,0.784430251,0.527470551,-0.037194857,0.765249769,0.109000782,Russell2018
R65,Wankenzi,0.425,30.267,90,0.165,NA,6.5,394,NA,NA,23.1,23.1,23.1,1040.391543,0,0.020442713,0.072661408,0,0,0,0,0.074421876,0.255633703,0.029003991,0.082357196,0,0,0.365757864,0.090496613,0.009224636,0.789820879,0.531289145,-0.040223077,0.768262414,0.110153536,Russell2018
D1,Namtso,30.78,90.46,94.5,NA,NA,9.5,1685.5,NA,NA,-0.2,-0.2,6.4713,541.5754304,0,0.045,0.29,0.01,0.08,0,0.075,0.03,0.095,0.02,0.15,0,0.125,0.04,0.02,0.02,0.457142857,0.130081301,0.683595143,0.849206349,0.161971831,Dang2018
D3,Hulun,48.95,117.39,NA,NA,NA,NA,NA,NA,NA,1,1,12.552,269.6423775,0,0.06,0.17,0,0.01,0,0,0.09,0.28,0.04,0.1,0,0.01,0.15,0.07,0.01,0.547619048,0.294871795,0.271066772,0.743243243,0.118556701,Dang2018
D4,Qinghai,36.73,100.31,NA,NA,NA,9,NA,NA,NA,1.8,1.8,7.2933,305.3720377,0,0.075,0.195,0.01,0.005,0,0,0.09,0.22,0.04,0.055,0.01,0.005,0.23,0.065,0.01,0.598039216,0.393548387,0.084644142,0.696296296,0.091836735,Dang2018
D6,Longquanlongwan,42.415609,126.603094,NA,NA,NA,7.8,NA,NA,NA,3.2,3.2,13.264,822.2296754,0,0.04,0.06,0,0.01,0,0,0.19,0.18,0.05,0.06,0.01,0,0.3,0.09,0.01,0.588235294,0.571428571,-0.232914176,0.517241379,0.112244898,Dang2018
D7,Nanlongwan,42.414053,126.479694,NA,NA,NA,8,NA,NA,NA,3.2,3.2,15.197,782.8610305,0,0.08,0.07,0,0.01,0,0,0.2,0.17,0.06,0.07,0.01,0,0.19,0.1,0.02,0.476923077,0.5,-0.153583918,0.476923077,0.140625,Dang2018
D8,Erlongwan,42.3,126.38,NA,NA,NA,7.8,NA,NA,NA,4.2,4.2,15.197,782.8610305,0,0.05,0.05,0,0,0,0,0.25,0.15,0.03,0.03,0.01,0,0.34,0.07,0.01,0.56,0.646153846,-0.425968732,0.410714286,0.076530612,Dang2018
D9,Dalongwan,42.34,126.39,NA,NA,NA,8,NA,NA,NA,4.2,4.2,15.197,782.8610305,0,0.08,0.08,0,0.01,0,0,0.26,0.16,0.06,0.04,0,0,0.21,0.08,0.01,0.428571429,0.517241379,-0.277964692,0.411764706,0.102040816,Dang2018
D10,Daihai,40.59,112.65,7.9,NA,NA,9,15646.7,NA,NA,4.9,4.9,13.367,361.9296678,0,0.053333333,0.113333333,0.01,0.01,0.003333333,0,0.09,0.176666667,0.08,0.093333333,0.013333333,0,0.13,0.163333333,0.056666667,0.610465117,0.477272728,0.206760079,0.631868132,0.235191638,Dang2018
D13,Chagan,45.21,124.33,5.6,NA,NA,8.3,484.7,NA,NA,5.3,5.3,15.901,450.6728895,0,0.07,0.14,0.01,0.01,0,0,0.11,0.28,0.05,0.09,0.01,0,0.14,0.08,0.01,0.5,0.310810811,0.210853365,0.689189189,0.12371134,Dang2018
D14,Wuliangsuhai,40.87,108.78,2.4,NA,NA,8.7,4273.3,NA,NA,6.1,6.1,13.997,228.5279692,0,0.06,0.18,0.01,0.02,0,0,0.06,0.29,0.04,0.12,0,0,0.15,0.06,0,0.567567568,0.2625,0.339488248,0.786666667,0.114583333,Dang2018
D15,Wolong,42.75,123.29,1.9,NA,NA,8.3,1341,NA,NA,6.7,6.7,16.952,584.715265,0,0.09,0.14,0,0.01,0,0,0.18,0.25,0.04,0.07,0,0,0.15,0.07,0.01,0.425925926,0.333333333,0.048848568,0.597402597,0.1,Dang2018
D16,Cetian,39.97,113.77,4.5,NA,NA,9.3,3145,NA,NA,7,7,12.939,455.1398389,0,0.1,0.11,0.01,0.01,0,0,0.12,0.26,0.06,0.08,0.01,0.01,0.15,0.07,0.01,0.450980392,0.338235294,0.094556108,0.616438356,0.119791667,Dang2018
D17,Zhenzhu,41.74,122.86,1.4,NA,NA,9.2,494,NA,NA,8.3,8.3,14.122,625.2508578,0,0.08,0.08,0,0,0,0,0.17,0.25,0.06,0.04,0.01,0,0.19,0.1,0.02,0.5,0.455882353,-0.052388069,0.544117647,0.121212121,Dang2018
D18,Guanting,40.37,115.76,7.3,NA,NA,8.5,1465.5,NA,NA,9.5,9.5,13.964,458.981364,0,0.1,0.12,0.01,0.01,0,0,0.14,0.23,0.09,0.07,0.01,0,0.13,0.08,0.01,0.4,0.34375,0.065266732,0.56,0.134020619,Dang2018
D19,Yuqiao,40.03,117.52,5.5,NA,NA,9.5,511.7,NA,NA,10.9,10.9,14.402,499.1686521,0,0.08,0.1,0.01,0.01,0,0,0.15,0.21,0.08,0.06,0.01,0,0.18,0.1,0.01,0.483333333,0.439393939,-0.03300026,0.544117647,0.134020619,Dang2018
D20,Xidayang,38.75,114.77,1.5,NA,NA,8.1,453.5,NA,NA,12.1,12.1,16.608,487.5974658,0,0.04,0.09,0.01,0.02,0,0,0.11,0.26,0.05,0.09,0,0,0.2,0.1,0.01,0.607843137,0.413333333,0.109144469,0.6875,0.136842105,Dang2018
D21,Baiyangdian,38.93,115.99,2.2,NA,NA,8.2,899,NA,NA,12.6,12.6,17.964,508.4737372,0,0.05,0.08,0.01,0.01,0,0,0.16,0.18,0.08,0.06,0.01,0,0.22,0.12,0.02,0.553846154,0.529411765,-0.101989539,0.524590164,0.154639175,Dang2018
D22,Hengshui,37.63,115.62,4.7,NA,NA,8.6,1184,NA,NA,12.7,12.7,16.568,539.7135683,0,0.07,0.1,0.01,0.02,0,0,0.15,0.19,0.07,0.07,0,0,0.2,0.1,0.01,0.516666667,0.462686567,-0.055047566,0.553846154,0.135416667,Dang2018
D23,Dongping,35.96,116.2,3.2,NA,NA,8.8,744,NA,NA,13.2,13.2,15.31,639.8991631,0,0.06,0.07,0.01,0.01,0,0,0.17,0.16,0.12,0.05,0.01,0,0.18,0.13,0.02,0.485294118,0.540983607,-0.135662602,0.444444444,0.177083333,Dang2018
D24,Fenghe,34.33,108.74,NA,NA,NA,8.3,NA,NA,NA,13.5,13.5,14.197,674.3339086,0,0.04,0.1,0.01,0.01,0,0,0.12,0.19,0.06,0.1,0.01,0.01,0.2,0.12,0.02,0.607142857,0.465753425,0.056481356,0.639344262,0.168421053,Dang2018
D25,Dushan,35.08,116.77,2.4,NA,NA,8.6,1324,NA,NA,13.7,13.7,15.353,694.1254357,0,0.06,0.09,0.01,0.01,0,0,0.15,0.19,0.09,0.06,0.01,0,0.2,0.11,0.02,0.523809524,0.492537313,-0.056481356,0.53125,0.154639175,Dang2018
D26,Luoma,34.07,118.16,3.2,NA,NA,8.5,481,NA,NA,13.8,13.8,14.396,819.7695071,0,0.05,0.1,0.01,0.01,0,0,0.13,0.23,0.08,0.08,0.01,0,0.2,0.1,0.01,0.543859649,0.430555556,0.043465694,0.611940299,0.142857143,Dang2018
D27,Hongze,33.31,118.75,2.5,NA,NA,8.4,446,NA,NA,14,14,14.803,924.4339135,0,0.05,0.06,0.01,0.02,0,0,0.13,0.11,0.1,0.12,0.01,0.02,0.17,0.16,0.04,0.569230769,0.560606061,-0.025554104,0.50877193,0.244680851,Dang2018
D28,Weishan,34.61,117.26,1.9,NA,NA,8.2,1256,NA,NA,14.6,14.6,15.524,754.6339116,0,0.06,0.07,0.01,0.01,0,0,0.18,0.15,0.11,0.05,0.01,0,0.2,0.12,0.02,0.492753623,0.557377049,-0.181054679,0.435483871,0.166666667,Dang2018
D29,Gaoyou,32.82,119.35,2,NA,NA,8.7,441,NA,NA,14.9,14.9,14.995,997.5601873,0,0.05,0.06,0.01,0.01,0,0,0.15,0.12,0.1,0.1,0.01,0.01,0.19,0.15,0.03,0.552238806,0.569230769,-0.099702913,0.482758621,0.215789474,Dang2018
D30,Changdang,31.63,119.57,1.4,NA,NA,8.3,459,NA,NA,15.7,15.7,15.437,1145.075445,0,0.05,0.05,0.01,0.01,0,0,0.19,0.12,0.12,0.04,0.01,0,0.21,0.15,0.03,0.52,0.65,-0.273001272,0.368421053,0.192708333,Dang2018
D31,Shijiu,31.5,118.94,3.3,NA,NA,8.8,216.2,NA,NA,15.9,15.9,15.718,1126.275445,0,0.05,0.07,0.01,0.01,0,0,0.17,0.14,0.11,0.05,0.01,0,0.21,0.15,0.03,0.541666667,0.6,-0.171070458,0.440677966,0.18877551,Dang2018
D32,Yangcheng,31.43,120.8,1.9,NA,NA,8.4,681,NA,NA,15.9,15.9,15.861,1204.990698,0,0.06,0.06,0.01,0.01,0,0,0.19,0.12,0.12,0.05,0.01,0,0.21,0.14,0.02,0.5,0.616666667,-0.264817823,0.383333333,0.180412371,Dang2018
D33,Chang,30.44,112.45,3.5,NA,NA,8.6,393,NA,NA,16,16,16.863,1149.380527,0,0.05,0.06,0.01,0.01,0,0,0.14,0.18,0.11,0.08,0.01,0,0.18,0.14,0.03,0.538461539,0.52238806,-0.02413368,0.516129032,0.201030928,Dang2018
D34,Caizi,30.79,117.1,3.3,NA,NA,8.6,166.5,NA,NA,16.1,16.1,16.492,1323.36782,0,0.05,0.04,0.01,0,0,0,0.19,0.13,0.09,0.04,0.01,0,0.26,0.15,0.02,0.565789474,0.671875,-0.337242168,0.388888889,0.164948454,Dang2018
D35,Chao,31.57,117.67,4.2,NA,NA,8.7,288,NA,NA,16.2,16.2,15.932,1107.340697,0,0.05,0.04,0.01,0.01,0,0,0.19,0.1,0.11,0.06,0.01,0.01,0.22,0.16,0.03,0.539473684,0.672131148,-0.301029996,0.363636364,0.203125,Dang2018
D36,Hong,29.9,113.4,2.8,NA,NA,8.7,330,NA,NA,16.6,16.6,17.498,1277.039854,0,0.05,0.08,0.01,0.01,0,0,0.14,0.16,0.11,0.06,0.01,0,0.21,0.13,0.02,0.545454546,0.545454546,-0.096910013,0.5,0.177083333,Dang2018
D37,Wuchang,30.27,116.69,3.5,NA,NA,8.3,117.4,NA,NA,16.9,16.9,16.862,1410.949176,0,0.04,0.03,0.01,0,0,0,0.18,0.1,0.11,0.05,0.01,0,0.25,0.18,0.03,0.582278481,0.71875,-0.349878563,0.352941177,0.206185567,Dang2018
D38,Liangzi,30.23,114.6,3,NA,NA,8.7,201.5,NA,NA,17,17,16.956,1323.860193,0,0.06,0.04,0.01,0.01,0,0,0.18,0.12,0.11,0.05,0.01,0,0.22,0.16,0.03,0.539473684,0.661290323,-0.28254659,0.375,0.195876289,Dang2018
D39,Longgan,29.92,116.11,3.2,NA,NA,8.6,252,NA,NA,17.2,17.2,16.908,1478.560197,0,0.04,0.04,0.01,0.01,0,0,0.17,0.11,0.09,0.06,0.01,0.01,0.26,0.16,0.03,0.6,0.681818182,-0.291886616,0.411764706,0.192708333,Dang2018
D40,Honghu,29.9,113.42,2.8,NA,NA,8.7,330,NA,NA,16.6,16.6,17.498,1277.039854,0,0.05,0.08,0.01,0.01,0,0,0.14,0.16,0.11,0.06,0.01,0,0.21,0.13,0.02,0.545454546,0.545454546,-0.096910013,0.5,0.177083333,Dang2018
D45,Chaohu,31.6,117.74,4.2,NA,NA,8.7,288,NA,NA,16,16,15.932,1107.340697,0,0.05,0.04,0.01,0.01,0,0,0.19,0.1,0.11,0.06,0.01,0.01,0.22,0.16,0.03,0.539473684,0.672131148,-0.301029996,0.363636364,0.203125,Dang2018
D57,Qinghai_16,25.13,98.57,2.975,NA,NA,6.8,11.8,NA,NA,14.7,14.7,14.092,1263.489005,0,0.05,0.02,0,0,0,0,0.24625,0.08375,0.02125,0.01,0.00875,0,0.48875,0.06,0.01875,0.641242938,0.833027523,-0.772653779,0.263768116,0.064455569,Dang2018
S1,Overland Pond,40.621149,-103.182135,5.1,NA,NA,6.5,NA,NA,NA,NA,10.19583333,14.10888889,392.75,0,0.108113442,0.119685399,0.010498215,0.019301524,0.001816151,0.002453334,0.152787563,0.173816398,0.078884982,0.102736716,0.004832754,0.006011359,0.125639959,0.079730068,0.013692136,0.391988706,0.356024577,0.025514865,0.538349624,0.151156984,UW
S2,Anthelope Lake,39.3742674,-100.112218,1.3,NA,NA,7.12,NA,NA,NA,NA,11.58833333,14.171,556.71,0,0.071623844,0.082550399,0.0071783,0.006655734,0.000701212,0.000304953,0.212346378,0.191002809,0.087874623,0.059216476,0.004604661,0.002566843,0.163260994,0.098470962,0.011641813,0.423691696,0.451005068,-0.113454469,0.472271959,0.137448315,UW
S3,T1L3,37.765799,-97.324849,1.3,NA,NA,10,NA,NA,NA,NA,13.74416667,13.74416667,878.03,0,0.065738701,0.066292729,0.007815826,0.006256009,0.000708939,0.000173916,0.171579815,0.179759612,0.099636993,0.057233696,0.006905669,0.002682655,0.195976817,0.119678546,0.019560078,0.498705636,0.525003391,-0.127788447,0.473705649,0.1618059,UW
S4,Spring Pond,37.0608,-94.7309,2,NA,NA,7.6,NA,NA,NA,NA,14.36,14.36,1152.03,0,0.059887408,0.050028732,0.003574759,0.003961442,0.000540965,0.000231842,0.19064126,0.158015369,0.058947322,0.046013068,0.006491303,0.001804009,0.293715049,0.110530193,0.015617279,0.575675787,0.623015661,-0.304953626,0.450829139,0.125445508,UW
S5,Lake Ferguson,35.882772,-92.631037,2.1,NA,NA,NA,NA,NA,NA,NA,14.12,14.12,1177.68,0,0.054908958,0.025151959,0.002799916,0.002507925,0.000500962,0,0.212262528,0.110563458,0.061443586,0.028365019,0.007811486,0,0.340480371,0.130892584,0.022311248,0.600370471,0.750548409,-0.513228297,0.333026044,0.134493685,UW
S6,Bear Creek Lake,34.7120218,-90.693319,0.3,NA,NA,7.6,NA,NA,NA,NA,16.22333333,16.22333333,1301.43,0,0.044239503,0.032294983,0.001521156,0.0017585,0.000187,0.0000836,0.211860736,0.12894031,0.039842721,0.031801454,0.005283249,0.001738291,0.364865282,0.117223409,0.018359482,0.628394959,0.721642474,-0.467970251,0.394774557,0.11399848,UW
S7,Lamar County Lake,33.77865,-88.27388889,2.9,NA,NA,6.8,NA,NA,NA,NA,16.36,16.36,1433.35,0,0.050684495,0.028181544,0.002430779,0.002343372,0.00029,0.0000713,0.190549617,0.127165716,0.056814868,0.02835045,0.006371008,0.001164197,0.351306134,0.133138859,0.021137891,0.629122496,0.733493571,-0.461312413,0.381315978,0.131961994,UW
S8,T1L8,32.350482,-86.207269,0.5,NA,NA,6.5,NA,NA,NA,NA,18.195,18.195,1285.07,0,0.031958254,0.047030433,0.00284397,0.005928642,0.0000753,0.00022,0.121745141,0.133007462,0.067665883,0.07130972,0.00424744,0.005935431,0.266864165,0.209244138,0.031923692,0.696505495,0.669009265,-0.171633185,0.531708553,0.210077794,UW
S9,T1L9,31.389447,-84.396433,0.5,NA,NA,6.8,NA,NA,NA,NA,19.17416667,19.17416667,1300.2,0,0.026655936,0.018172015,0.000314097,0.000290557,0,0,0.192414999,0.125833778,0.004736571,0.005173057,0.00028,0.0000596,0.598399532,0.026041681,0.001628171,0.736658911,0.807572796,-0.734050511,0.399957928,0.019622354,UW
S10,Fishing Rd Lake,31.674416,-81.810922,3,NA,NA,7.8,NA,NA,NA,NA,19.49083333,19.49083333,1229.32,0,0.03111851,0.027404687,0.002462826,0.0027966,0.000433461,0.000208019,0.160936076,0.113302444,0.042452802,0.041637886,0.005254448,0.002499374,0.444464064,0.107344949,0.017683854,0.708324237,0.757467639,-0.502718449,0.437433045,0.114971578,UW
S11,Turkey Hill Lake,33.55322,-80.846862,1,NA,NA,7.6,NA,NA,NA,NA,17.79166667,17.79166667,1199.78,0,0.04879878,0.029581378,0.001030209,0.001429923,0.0000493,0.0000461,0.191135268,0.136063061,0.027732732,0.02313315,0.002030586,0.000627811,0.439373648,0.08947949,0.009488514,0.667910695,0.740376023,-0.534818064,0.413582907,0.080078729,UW
S12,Wheatfield Pond,35.170234,-79.675266,4.5,NA,NA,7.2,NA,NA,NA,NA,15.86083333,15.86083333,1170.16,0,0.029742962,0.003933747,0.000179,0.0000759,0,0,0.184037427,0.039655876,0.004038699,0.001533161,0.00111395,0,0.698707742,0.031444478,0.00553735,0.771560451,0.942210464,-1.25556089,0.171607449,0.024078472,UW
S13,Buffalo Rd. Pond,36.62386,-78.5786,0.3,NA,NA,7.2,NA,NA,NA,NA,14.53,14.53,1108.08,0,0.030085528,0.046671523,0.000525761,0.002387949,0.000205244,0.00020743,0.185974145,0.144539926,0.011582675,0.026696353,0.003449155,0.000406114,0.500046859,0.041678199,0.00554314,0.70623403,0.715218718,-0.505795445,0.489075813,0.04585104,UW
S14,Locust Shade Pond,38.537359,-77.346621,0.3,NA,NA,6.5,NA,NA,NA,NA,13.54333333,13.54333333,1040.7,0,0.036826973,0.014583705,0.000278167,0.000584263,0,0,0.231240011,0.08182424,0.014361299,0.014904085,0.001631532,0.000843595,0.537081645,0.057828356,0.008012128,0.680998304,0.844151909,-0.829147679,0.282704174,0.051731655,UW
S15,Middle Creek Reservoir,40.272898,-76.231554,0.5,NA,NA,6.5,NA,NA,NA,NA,11.44166667,12.59,1139.97,0,0.03545796,0.112277259,0.002321319,0.004806405,0.000422,0.0000598,0.155619387,0.249814788,0.036146818,0.066026333,0.002401903,0.001030687,0.251744889,0.07545718,0.006412873,0.594849642,0.437968161,-0.008208403,0.653274205,0.096291337,UW
S16,T2L17,41.656017,-74.700814,0.5,NA,NA,6.5,NA,NA,NA,NA,7.7225,11.69444444,1224.18,0,0.090522134,0.075056769,0.001985474,0.003065531,0.00006,0.000113,0.258306673,0.184818814,0.036014372,0.032118578,0.003213833,0.001041694,0.247101702,0.0583692,0.008212302,0.449064218,0.517904783,-0.297775582,0.431409652,0.072147294,UW
S17,Carter's Pond,43.163874,-73.421451,0.5,NA,NA,6.5,NA,NA,NA,NA,7.9475,12.16222222,1047.11,0,0.101680671,0.085802817,0.003483517,0.006272482,0.0000693,0.000453,0.232499035,0.18073522,0.060436743,0.05838656,0.003717823,0.002788965,0.170050364,0.082716187,0.010907209,0.400543342,0.447968903,-0.176506917,0.451572011,0.113583475,UW
S18,Arms House Pond,41.951403,-70.664925,0.5,NA,NA,6.5,NA,NA,NA,NA,10.08666667,12.291,1300.89,0,0.113952781,0.032917691,0.000638,0.0000771,0,0,0.342766759,0.130009812,0.029290094,0.013537024,0.001977902,0.000173196,0.276756449,0.04932198,0.008581011,0.407788536,0.654752001,-0.598107284,0.266371939,0.054812675,UW
S19,Batterson Park Pond,41.708085,-72.790683,1,NA,NA,6.5,NA,NA,NA,NA,9.965,13.84555556,1241.54,0,0.055645038,0.026648308,0.00085156,0.000533184,0,0,0.308882688,0.111466925,0.01784911,0.007511866,0.002654293,0,0.388353295,0.070729252,0.00887448,0.550321524,0.76266156,-0.687793427,0.275806844,0.057150427,UW
S20,Beaver Medows Lake,41.5215,-79.111,1,NA,NA,6.5,NA,NA,NA,NA,7.305833333,11.16333333,1165.46,0,0.118310402,0.064519941,0.002400916,0.003284154,0,0,0.245583808,0.158684348,0.069850471,0.065944319,0.003557833,0.002979375,0.170583186,0.082707188,0.011594059,0.379148861,0.478102231,-0.249734296,0.399987955,0.122340326,UW
S21,Norwalk Upper Reservoir,41.233833,-82.579083,1,NA,NA,8.4,NA,NA,NA,NA,9.8975,13.94666667,965.37,0,0.050489406,0.087976805,0.00713039,0.007725871,0.00310733,0.00074136,0.165265719,0.182342641,0.066703592,0.057988481,0.024557763,0,0.218125083,0.102117349,0.025728211,0.550532271,0.513097492,-0.088322245,0.537534147,0.145424375,UW
S22,Eagle Lake,41.435467,-85.574917,1.5,NA,NA,7.2,NA,NA,NA,NA,9.79,14.00444444,954.32,0,0.073231114,0.076892107,0.005805596,0.007314604,0.000338538,0.000726293,0.188265891,0.16029624,0.087126383,0.064344751,0.006351018,0.005284781,0.183031908,0.117720759,0.023270017,0.481713486,0.517975684,-0.136279828,0.463785419,0.162050235,UW
S23,Lake Mendota,41.55865,-89.132833,2,NA,NA,6.5,NA,NA,NA,NA,9.47,13.99222222,928.25,0,0.056032657,0.076736009,0.007456309,0.009586366,0.00111236,0.00080187,0.150023064,0.192304588,0.08646662,0.090470899,0.007802989,0.00556083,0.173558609,0.124419641,0.017667188,0.519010459,0.467514177,-0.002795457,0.551369386,0.173968558,UW
S24,Quarry Spring Lake,41.687167,-93.239933,1,NA,NA,7.2,NA,NA,NA,NA,10.005,14.68444444,908.21,0,0.068847985,0.071529142,0.005698499,0.010325201,0.000897048,0.000552541,0.152191858,0.180509603,0.07585128,0.098270812,0.005814999,0.005621942,0.170146124,0.136669108,0.017073861,0.521745192,0.480406024,-0.027263717,0.541268833,0.177604034,UW
S25,Cottonwood Cove Lake,41.448491,-96.568485,1,NA,NA,6.8,NA,NA,NA,NA,10.165,14.77555556,772.85,0,0.065905589,0.055883531,0.003282316,0.002086402,0,0,0.258204771,0.186008756,0.03814708,0.033910476,0.002446126,0.003525299,0.264530492,0.07766247,0.008406692,0.491823196,0.559703546,-0.316211877,0.432251944,0.084221792,UW
S26,Cody Pond,41.15105,-100.753231,0.5,NA,NA,NA,NA,NA,NA,NA,9.538333333,13.64666667,523.18,0,0.073623698,0.078840251,0.008789049,0.001142418,0,0,0.166944338,0.195758652,0.063014836,0.10599098,0.002159121,0.00830816,0.173004278,0.109441424,0.012982797,0.493193474,0.437012523,-0.021526514,0.556277461,0.15537589,UW
S27,Labonte Pond,41.321346,-105.586769,0.5,NA,NA,6.8,NA,NA,NA,NA,5.48,11.60428571,330.44,0,0.12050591,0.127128999,0.005872375,0.01661734,0.000306675,0.002417946,0.188964603,0.185344446,0.068044407,0.099476247,0.001880113,0.006865578,0.087175023,0.080207024,0.009193313,0.318676155,0.300030321,0.026027021,0.52180894,0.137734624,UW
S28,Blanding,41.7978,-75.677,3.75,NA,NA,7.2,NA,NA,NA,NA,7.614166667,11.55222222,1127.04,0,0.121742644,0.0396318,0.002861396,0.001138377,0.000268,0.00003355,0.282057866,0.125855685,0.034832749,0.012147542,0.002127492,0,0.321048961,0.048300644,0.007953648,0.462417416,0.679901292,-0.591696358,0.288243011,0.055953812,UW
S29,Brooklin ,41.3728,-106.2498,11.6,NA,NA,7,NA,NA,NA,NA,0.009166667,6.725,980.53,0,0.252026822,0.144431265,0.00564422,0.024285098,0.000846756,0.000821022,0.237465321,0.112712853,0.040476389,0.043043615,0.004791338,0.000134795,0.1124788,0.015323703,0.005518004,0.200999111,0.307538576,-0.29427194,0.361603888,0.057022503,UW
S30,Crater ,41.4906,-106.2475,16,NA,NA,6.99,NA,NA,NA,NA,1.810833333,7.377142857,865.79,0,0.315190037,0.176689873,0.012047839,0.008227888,0.002263747,0.000341032,0.158930727,0.111885946,0.063304561,0.025847876,0.008261207,0.000472349,0.092507879,0.018931198,0.005097841,0.178201294,0.270411992,-0.248798389,0.369107304,0.06107034,UW
S31,Crooked,41.887239,-70.646,4.25,NA,NA,NA,NA,NA,NA,NA,9.8875,12.128,1274.31,0,0.031677726,0.007960703,0.0000471,0.000117102,0,0,0.214012299,0.066518954,0.008626773,0.002095501,0,0,0.613778008,0.046545219,0.00862061,0.724544957,0.897286107,-1.003811706,0.231420428,0.037260475,UW
S32,East Glaciar,41.3773,-106.2594,6,NA,NA,6.85,NA,NA,NA,NA,-0.923333333,5.933333333,1067.28,0,0.46008696,0.06154118,0.002075309,0.000169183,0,0,0.23525619,0.114929629,0.016952116,0.001548962,0.00187229,0,0.094924704,0.009408443,0.001235034,0.129078004,0.372259048,-0.64430351,0.199951437,0.015252586,UW
S33,Fire Box ,41.4424,-106.1925,0.5,NA,NA,7.66,NA,NA,NA,NA,1.729166667,8.451666667,855.02,0,0.148293408,0.032228044,0.001020399,0.000601138,0.000207121,0,0.347695488,0.109693628,0.010696474,0.00148572,0.005522585,0,0.320500497,0.017389152,0.004666347,0.403367064,0.704900831,-0.741472504,0.220595276,0.019596075,UW
S34,Fishhook ,41.3575,-106.2675,1.66,NA,NA,NA,NA,NA,NA,NA,-0.04,6.643333333,1005.04,0,0.164977262,0.109,0.002455906,0.001935556,0.000109547,0.00000693,0.284416829,0.181542004,0.033965606,0.01925723,0.004552153,0.00094996,0.136670171,0.050061142,0.010259832,0.289543472,0.388703403,-0.262715106,0.390589101,0.062517615,UW
S35,Highway 130,41.3513,-106.2638,0.8,NA,NA,8.69,NA,NA,NA,NA,0.0525,6.735,978.37,0,0.166187711,0.129517753,0.007206797,0.006870263,0.000312059,0.00051723,0.179042351,0.179875463,0.06697847,0.052900836,0.002443121,0.00196509,0.126649948,0.0730139,0.006519006,0.333418056,0.362693457,-0.107025291,0.467776428,0.104993513,UW
S36,Hourglass ,41.35,-106.2709,1.1,NA,NA,8.87,NA,NA,NA,NA,-0.04,6.643333333,1005.04,0,0.126462829,0.149293107,0.002807279,0,0.000101468,0,0.205337212,0.257728472,0.030440371,0.028580126,0.000980856,0,0.153723872,0.040857742,0.003686667,0.353729181,0.312790139,-0.043460917,0.545974819,0.053835184,UW
S37,Lewis  ,41.3594,-106.2959,9.9,NA,NA,6.29,NA,NA,NA,NA,-1.025,6.89,1137.32,0,0.340735296,0.081392082,0.006946556,0.001264235,0.002034898,0.000143357,0.247789033,0.101569806,0.04163219,0.005778534,0.007984691,0.000240532,0.13765726,0.019334901,0.005496631,0.204995589,0.46262892,-0.572713154,0.230481288,0.039606693,UW
S38,Libby ,41.3547,-106.2983,10.3,NA,NA,6.44,NA,NA,NA,NA,-0.54,6.198333333,1105.54,0,0.370853642,0.126,0.0089713,0.002222325,0.001382043,0.0000304,0.195064265,0.109662321,0.050205924,0.011236928,0.006803335,0,0.097246971,0.016701525,0.004108352,0.16080081,0.323482328,-0.421934644,0.286086496,0.044013275,UW
S39,Libby Flats,41.324801,-106.285826,0.5,NA,NA,NA,NA,NA,NA,NA,-0.0175,6.691666667,1023.57,0,0.130259454,0.020125419,0.000705441,0.000194126,0,0,0.389373786,0.083376897,0.012979621,0.002818757,0.005834017,0,0.320031252,0.029227807,0.005073423,0.399497539,0.769195154,-0.877242055,0.16640386,0.027773531,UW
S40,Libby Flats I,41.331934,-106.294048,0.89,NA,NA,NA,NA,NA,NA,NA,-0.095833333,6.613333333,1042.48,0,0.125893983,0.107,0.002019583,0.000877934,0.000197089,0.00000462,0.281101294,0.21084193,0.026561655,0.010993943,0.006120276,0.000113089,0.17614185,0.042211135,0.009586666,0.344581751,0.409392369,-0.236311413,0.431320798,0.049952955,UW
S41,Libby Flats ll,41.319,-106.2802,0.49,NA,NA,NA,NA,NA,NA,NA,0.29,6.988333333,1004.75,0,0.150425238,0.023574256,0.000664166,0.00050507,0,0,0.394989392,0.071070718,0.013334873,0.002141408,0,0,0.316657791,0.021333328,0.00530376,0.380574267,0.780071567,-0.926559944,0.147644674,0.023736318,UW
S42,Little ,41.3539,-106.2771,1.53,NA,NA,NA,NA,NA,NA,NA,-0.405,6.303333333,1035.39,0,0.129772219,0.113049924,0.002014611,0.00202482,0,0,0.263529276,0.227,0.025403899,0.018274864,0.002374126,0.0000213,0.179616873,0.032641675,0.004176135,0.34076685,0.376565666,-0.198783629,0.46114655,0.042614848,UW
S43,Lost ,41.4447,-106.1177,0.6,NA,NA,7.01,NA,NA,NA,NA,2.526666667,8.071428571,608.75,0,0.144046251,0.103759148,0.001924539,0.001954546,0,0,0.279240896,0.168949774,0.036222976,0.016610229,0.005523104,0.000122756,0.186613885,0.04424757,0.010784328,0.344639161,0.455106858,-0.307988338,0.386361967,0.059895214,UW
S44,Mirror ,41.3383,-106.3199,15.7,NA,NA,6.29,NA,NA,NA,NA,-0.264166667,6.458333333,1181.38,0,0.330429033,0.147,0.006380701,0.002959968,0.001458756,0.0000584,0.173487979,0.159,0.025825017,0.01003403,0.004844077,0.0000813,0.122500522,0.012873273,0.00280886,0.206883588,0.304221883,-0.293287169,0.373661594,0.027618049,UW
S45,North Banner ,41.4151,-106.358,3.3,NA,NA,7.94,NA,NA,NA,NA,0.6825,7.275,1005.76,0,0.261221713,0.110017674,0.002111399,0.001707368,0.000850117,0,0.26626196,0.143686661,0.009650555,0.008545102,0,0,0.186608555,0.008357356,0.00098154,0.267292795,0.427649022,-0.433417311,0.328064543,0.014324928,UW
S46,Round,41.3593,-106.2695,1.2,NA,NA,NA,NA,NA,NA,NA,-0.3575,6.358333333,1041.99,0,0.213461035,0.098968569,0.003813717,0.00310694,0.000313305,0.000193573,0.268427209,0.157506498,0.041745957,0.025615502,0.003646201,0.000555954,0.13138158,0.045401374,0.005625831,0.258353654,0.392699762,-0.32868698,0.350107852,0.062751889,UW
S47,Silver,41.3097,-106.3567,7,NA,NA,6.48,NA,NA,NA,NA,-0.599166667,6.233333333,1176.02,0,0.345238338,0.104,0.010044627,0.00277644,0.001599305,0.00000815,0.206561146,0.0989,0.068889123,0.017353836,0.007443141,0.0000649,0.110716922,0.022254714,0.004483054,0.181304366,0.384264506,-0.469522271,0.261913093,0.060028682,UW
S48,Silver Run,41.3267,-106.2366,4.3,NA,NA,9.68,NA,NA,NA,NA,1.020833333,7.763333333,883.81,0,0.256237446,0.063005305,0.004395002,0.001554848,0.000702679,0.0013842,0.29661213,0.11,0.037892539,0.007166774,0.005389148,0.0000195,0.190597746,0.020179139,0.005197648,0.267720436,0.545188389,-0.603211391,0.233712235,0.038319289,UW
S49,South Gap ,41.3693,-106.2993,16.2,NA,NA,5.95,NA,NA,NA,NA,-1.073333333,6.922,1152.82,0,0.508708846,0.070782396,0.004374713,0.001015596,0,0,0.223459257,0.082799154,0.018213596,0.003990572,0.003408834,0,0.073784567,0.006951099,0.00251137,0.099861044,0.34568278,-0.701962989,0.173546406,0.017240707,UW
S50,Stamp Mill ,41.3503,-106.3811,3.9,NA,NA,6.368,NA,NA,NA,NA,0.394166667,7.065,1110.51,0,0.254526484,0.061630423,0.001534683,0.000419015,0.000284035,0,0.293659308,0.138038331,0.011234086,0.003938103,0.003286231,0,0.218764973,0.009877245,0.002807082,0.292651815,0.531998677,-0.570028463,0.266841052,0.015416962,UW
S51,Twin,44.061528,-72.578643,2.49,NA,NA,6.5,NA,NA,NA,NA,5.495,11.29375,1070.86,0,0.109267916,0.115394818,0.008108171,0.005772892,0.000522247,0.000423007,0.200745366,0.112655011,0.100872301,0.050667128,0.008081932,0.002125864,0.183580895,0.085038459,0.016743997,0.409858223,0.505891354,-0.222869932,0.404170433,0.138500169,UW
DS1,Dead Sea,31.50805,35.471,297.46,40000,NA,6,20100000,NA,NA,NA,26.1,26.1,474.9720421,0,0.043188793,0.142878894,0.005760549,0.015314042,0.001191724,0.003822492,0.094891468,0.201920139,0.054824795,0.112629448,0.005759454,0.01821292,0.156398236,0.113889021,0.029310511,0.6083169,0.3957561,0.2182426,0.7033752,0.1789415,UA
L1,IM1,48.2519,118.418367,0.2,NA,NA,9.3,7620,NA,NA,0.4,-0.02987288,12.21864428,23.35678005,0,0.017,0.197,0.005,0.008,0.006,0.003,0.298,0.133,0.014,0.044,0.007,0.005,0.185,0.059,0.018,0.4433164,0.4119497,-0.10568394,0.5320057,0.07927461,Li2017
L2,IM2,48.242617,118.442733,0.2,NA,NA,10,20440,NA,NA,0.4,-0.02987288,12.21864428,23.35678005,0,0.014,0.15,0.001,0.002,0,0,0.072,0.27,0.048,0.073,0.009,0.016,0.206,0.092,0.047,0.7202505,0.4116945,0.26701091,0.7862839,0.15792181,Li2017
L3,IM3,48.313083,118.5361,0.3,NA,NA,9.7,162840,NA,NA,0.4,-0.288488671,12.03123512,24.3648309,0,0.081,0.458,0.002,0.007,0,0,0.145,0.158,0.008,0.025,0.001,0.003,0.082,0.023,0.008,0.3256484,0.1498674,0.32369398,0.7325714,0.03643725,Li2017
L4,IM4,48.314167,118.547867,0.2,NA,NA,9.8,8960,NA,NA,0.4,-0.288488671,12.03123512,24.3648309,0,0.022,0.125,0.008,0.01,0.003,0.011,0.122,0.281,0.029,0.044,0.005,0.005,0.273,0.051,0.011,0.6594488,0.4267516,0.04356487,0.7223114,0.07620042,Li2017
L5,IM5,48.2487,118.4644,0.2,NA,NA,8.6,1590,NA,NA,0.4,-0.02987288,12.21864428,23.35678005,0,0.049,0.161,0.006,0,0.001,0.003,0.19,0.248,0.026,0.071,0.002,0.005,0.177,0.053,0.007,0.4721116,0.3305439,0.06843563,0.6442953,0.08350305,Li2017
L6,IM6,48.8869,118.094217,0.3,NA,NA,9.1,81830,NA,NA,0.4,-0.488276826,11.86646511,23.95896929,0,0.036,0.18,0.004,0,0,0,0.086,0.333,0.041,0.045,0.004,0.001,0.2,0.047,0.023,0.6235566,0.326087,0.25632026,0.7739251,0.09031282,Li2017
L7,IM7,48.2789,118.655567,0.2,NA,NA,7.7,275950,NA,NA,0.4,-0.288488671,12.03123512,24.3648309,0,0.032,0.132,0.001,0.006,0.002,0,0.12,0.388,0.027,0.034,0.003,0.005,0.198,0.038,0.012,0.5807963,0.3092269,0.20874839,0.7557981,0.06269113,Li2017
L8,IM8,48.3855,118.708983,0.5,NA,NA,8.8,134560,NA,NA,0.4,-0.288488671,12.03123512,24.3648309,0,0.011,0.144,0.003,0.004,0.001,0.001,0.306,0.179,0.022,0.068,0.01,0.011,0.148,0.068,0.025,0.4155172,0.3813291,-0.04835962,0.5356164,0.10710608,Li2017
L9,IM9,48.378333,118.821283,0.2,NA,NA,9.4,5910,NA,NA,0.4,-0.288488671,12.03123512,24.3648309,0,0.052,0.265,0.005,0.016,0,0.001,0.103,0.289,0.034,0.086,0.001,0.002,0.106,0.037,0.004,0.4375,0.1867853,0.39224536,0.7720145,0.08452869,Li2017
L10,IM10,48.20985,118.420617,0.2,NA,NA,9.3,7950,NA,NA,0.4,-0.02987288,12.21864428,23.35678005,0,0.02,0.222,0,0,0,0,0.359,0.127,0.018,0.042,0.001,0.001,0.178,0.03,0.003,0.3470395,0.3504983,-0.15035897,0.4961929,0.04804805,Li2017
L11,IM11,48.1787,118.434017,0.5,NA,NA,9.3,87780,NA,NA,0.4,-0.02987288,12.21864428,23.35678005,0,0.061,0.172,0.004,0.003,0.002,0.004,0.115,0.31,0.029,0.044,0.004,0.005,0.183,0.05,0.014,0.5464602,0.3195343,0.17729931,0.7195622,0.07719836,Li2017