label,No,Latitude,Longitude,MBT5Me,IR6Me,Seasonality,MAT,MAP,MAT_0,SoP,CV_rainfall,Altitude,SoilPh
Australia-17,1,-34.72,148.33,0.75,0.5,16.14782609,14.52536232,622.5252174,14.52536232,11.38,0.41,472,6.4
Australia-4,2,-26.72,150.36,0.65,0.51,14.70086957,19.23818841,636.9304348,19.23818841,44.59,1.26,304,6.6
Brazil-12,3,-2.6,-54.95,0.95,0.7,1.673913043,26.44101449,1935.458261,26.44101449,154.55,1.7,60,6.2
Brazil-14,5,-15.6,-47.7,0.93,0.56,3.505217391,21.9357971,1506.422609,21.9357971,143.15,2.11,1010,4
Brazil-28,6,-12,-50,0.97,0.62,2.544347826,26.78492754,1830.750435,26.78492754,164.42,2.06,200,5.9
Brazil-6,7,-22.55,-50.32,0.94,0.64,8.023478261,21.57753623,1348.894783,21.57753623,88.09,1.42,562,5.2
Cameroon-1,8,4.23,9.33,0.92,0.5,2.543478261,23.80036232,2724.311304,23.80036232,214.03,1.78,1200,6.4
Canada-14,9,45.42,-63.42,0.62,0.06,25.01565217,5.342898551,1199.544348,10.59967391,24.07,0.44,100,4
Canada-17,10,49.95,-98.18,0.45,0.68,36.73826087,2.773768116,512.5504348,12.63192547,40.28,1.48,256,7.7
Canada-24,11,49.25,-122.38,0.53,0.12,16.1626087,8.247246377,2016.446957,8.247246377,106.26,1.26,180,5
China-19,12,18.9,109.5,0.96,NaN,8.449565217,23.41246377,2055.264348,23.41246377,213.11,2.07,770,4.6
China-20,13,18.77,110.33,0.93,NaN,8.431304348,24.66855072,2065.969565,24.66855072,218.82,2.07,40,3.9
China-23,14,28.22,116.92,0.92,0.61,22.86434783,18.01818841,1744.724348,18.01818841,167.54,1.74,50,4.5
China-25,15,28.48,116.27,0.9,0.54,23.36434783,18.05942029,1681.067826,18.05942029,159.19,1.76,30,5.5
China-27,16,27.09,117.75,0.88,0.35,19.79304348,17.49724638,1759.942609,17.49724638,176.02,1.79,700,4.7
China-31,17,24.38,114.28,0.93,0.51,16.04173913,19.86623188,1788.291304,19.86623188,158.48,1.78,250,6.1
China-32,18,23.65,113.65,0.94,0.55,15.25652174,20.82630435,1836.46087,20.82630435,162.12,1.79,250,4.3
China-4,19,28.2,113.83,0.91,0.49,23.2573913,16.48297101,1464.333043,16.48297101,105.22,1.42,40,4.9
China-49,20,26.38,106.43,0.83,0.59,17.92173913,15.75644928,1160.855652,15.75644928,118.41,2.03,1290,6.5
China-6,21,24.82,110.52,0.89,0.62,18.94695652,18.82398551,1661.723478,18.82398551,155.91,1.77,150,7.1
China-MG,22,29.62,102.17,0.539444444,0.47,17.03652174,11.01130435,934.5834783,11.01130435,102.3,2.23,NaN,6.190277778
China-MG2,23,29.58,102,0.436111111,0.28,16.18086957,2.534710145,740.2373913,6.871552795,93.96,2.49,NaN,6.511111111
China-MG3049,24,29.58,101.2,0.48,0.04,16.03478261,8.272391304,797.02,9.065849802,92.64,2.35,NaN,4.5
ChinaP609,25,32.43,83.22,0.32,0.88,23.49043478,-3.792101449,455.6947826,6.185434783,56.06,2.2,4456,8.16
ChinaP622,26,31.75,86.8,0.44,0.9,21.9773913,-2.452028986,650.7443478,5.818434783,104.91,2.8,4622,8.22
ChinaP635,27,31.51,89.15,0.38,0.78,21.33043478,0.043913043,556.493913,6.835217391,122.6,3.58,4608,8.3
ChinaP642,28,31.39,90.24,0.34,0.76,20.7773913,-0.789927536,481.4130435,5.892318841,120.83,4.01,4650,8.13
ChinaP801,29,33.73,92.1,0.34,0.8,23.52608696,-4.035,244.44,4.779130435,51.54,3.53,4697,8.2
ChinaP751,30,36.32,100.89,0.62721342,0.94,24.64869565,0.594565217,295.0165217,7.150559006,36.06,2.42,3282,8.6
ChinaP782,31,36.86,101.02,0.41,0.88,24.55130435,1.782681159,289.5304348,8.302857143,39.26,2.63,3066,8.32
ChinaP784,32,37.14,99.57,0.37,0.8,25.10608696,-0.605144928,208.2756522,6.026459627,28.63,2.65,3241,8.54
ChinaP810,33,31.07,91.69,0.36,0.63,21.5573913,-0.422898551,439.3947826,6.473913043,97.56,3.64,4702,7.11
China41,34,43.71,112.92,0.862541436,0.95,40.6226087,3.11884058,178.1043478,14.01552795,36.13,3.37,1050,8.13
China50,35,45.43,119.72,0.58,0.53,38.80608696,0.980217391,369.033913,11.58534161,86.13,3.77,969,6.78
China51,36,46.38,120.48,0.51,0.33,40.55565217,-0.99826087,383.7643478,10.09093168,86.72,3.71,675,6.54
China55,37,48.49,117.16,0.69,0.69,44.11826087,0.475869565,269.7721739,12.45018634,60.45,3.55,589,7.33
China61,38,49.88,119.99,0.49,0.61,46.25391304,-2.399637681,355.1730435,10.29391304,71.88,3.35,762,6.68
China65,39,44.48,123.48,0.73,0.92,39.22086957,5.914782609,452.8191304,16.43714286,96.24,3.52,147,10.11
China AES- 1,40,47.1,119.89,0.552941176,0.28,43.01304348,-2.739637681,376.5773913,12.72330435,79.19,3.45,1240,5.69
China QML- 1,41,34.16,95.9,0.292682927,0.66,22.47217391,-5.899855072,257.6826087,3.351086957,35.47,2.61,4727,7.02
China HY-1,42,37.02,100.8,0.5,0.83,24.38086957,-1.069927536,238.8556522,6.240289855,31.08,2.5,2725,7.41
China WLHT-2,44,46.05,121.79,0.718309859,0.58,40.04956522,2.54615942,398.7234783,13.38447205,93.51,3.78,366,6.24
China ND-1,45,29.25,91.68,0.75,0.89,17.95565217,3.40173913,739.226087,8.328322981,161.4,3.62,3576,7.69
China ZD-1,46,33.77,95.66,0.34,0.73,21.94782609,-5.05557971,289.2930435,3.991521739,40.08,2.62,4360,7.3
China TR-1,47,35.55,102.03,0.5,0.89,23.35217391,3.90673913,400.766087,10.08,45.72,2.34,2467,7.67
China JB-1,48,37.74,108.91,0.684210526,0.92,30.33913043,7.52884058,374.9356522,12.3026087,55.27,2.74,1394,7.73
China ZGEQ-2,49,39.87,111.18,0.729166667,0.78,33.42173913,7.097898551,374.5713043,14.04,64.37,3,1236,7.65
China KDE-3,50,49.94,121.43,0.575757576,0.55,44.26521739,-3.21384058,414.7904348,12.78330435,80.32,3.26,829,6.13
China MH-1,51,53.29,122.15,0.397727273,0.17,47.85652174,-5.210434783,435.8069565,12.22521739,71.01,2.89,603,5.41
China NR-1,52,32.09,92.27,0.46,0.64,22.42347826,-2.882753623,338.1756522,5.473043478,71.3,3.5,4731,6.35
China FZ-2,53,40.45,113.19,0.666666667,0.89,32.81304348,6.249057971,390.4313043,15.02322981,73.2,3.21,1236,7.3
China LKZ-3,54,29.06,90.39,0.31884058,0.4,18.07391304,1.585362319,811.5330435,6.567826087,177.7,3.63,4492,6.1
China HQ-1,55,39.33,111.19,0.777777778,0.92,33.00695652,7.680217391,401.2695652,14.5698913,66.75,2.93,912,7.65
China YKS-3,56,49.33,120.97,0.490196078,0.64,44.02608696,-2.453188406,394.9226087,11.2326087,80.38,3.37,634,6.57
China RYZ-2,57,29.33,88.98,0.553191489,0.7,18.76869565,3.769927536,907.1695652,8.942484472,190.51,3.48,3865,7.56
China XJ-1,58,36.02,105.88,0.45,0.88,25.86086957,5.860652174,387.2669565,11.19054348,45.32,2.34,1982,7.62
China YZ-2,59,35.78,104.05,0.447261663,0.81,25.29391304,6.226304348,418.8991304,11.50097826,50.88,2.43,2361,7.17
China ZL-3,61,29.29,91.15,0.72,0.91,17.92347826,2.759202899,761.7878261,7.683726708,168.79,3.66,3578,7.65
China LX-1,62,43.44,120.08,0.677419355,0.88,35.91304348,6.842826087,393.8434783,16.57118012,95.64,3.88,928,7.65
China ZLT-2,63,44.61,120.97,0.829268293,0.89,37.47652174,5.718768116,358.9165217,15.87614907,88.07,3.91,332,7.52
China SHM-1,64,38.84,110.44,0.76,0.93,32.3826087,7.772246377,384.0956522,14.53771739,63.31,2.91,1131,7.37
China TD-3,65,35.27,100.64,0.470588235,0.89,23.50782609,0.181304348,355.2191304,6.480372671,41.48,2.36,3258,7.83
China HSH-3,66,38.04,109.24,0.794871795,0.89,31.82956522,8.029275362,369.6130435,13.05710145,60.54,2.9,1131,7.73
China SNJ,67,31.43333333,110.2833333,0.604318182,0.43,22.58695652,14.94782609,1055.029565,14.94782609,75.95,1.66,NaN,5.975
China SNJ1–1,68,31.53333333,109.9833333,0.69,0.27,21.89565217,11.51195652,986.9121739,11.51195652,70.22,1.7,1770,4.12
China SNJ2–1,69,31.46666667,109.9833333,0.59,0.27,21.92434783,13.95934783,1065.796522,13.95934783,73.1,1.64,1763,5.13
China SNJ2,70,31.43333333,110.55,0.808,0.57,22.97826087,14.46673913,1033.254783,14.46673913,74.57,1.66,NaN,6.89
China NY,71,33.04,112.395,0.822692308,0.67,25.04782609,14.29057971,768.4095652,14.29057971,95.4,2.33,NaN,6.906538462
China KMS,72,25.375,102.92,0.785,0.57,11.73043478,14.60347826,1030.56087,14.60347826,126.72,2.35,NaN,6.846666667
P756,73,35.35,100.93,0.387853466,0.79,23.44347826,0.265507246,355.2191304,6.480372671,41.48,2.36,NaN,7.8
P760,74,34.54,100.22,0.402623295,0.75,22.7826087,-1.517536232,361.3808696,6.584695652,40.32,2.3,NaN,7.5
P765,75,33.03,96.92,0.534250549,0.75,20.88869565,-1.74826087,356.8443478,5.880521739,46.87,2.54,NaN,7.6
P775,77,34.1,96.2,0.439074905,0.73,21.85043478,-8.261594203,249.4921739,2.276956522,39.21,2.84,NaN,7.2
P782,78,36.86,101.02,0.224978857,0.67,24.46086957,1.90442029,289.5304348,8.302857143,39.26,2.63,NaN,7.8
P787,79,37.28,98.39,0.468172613,0.83,25.64695652,-3.296884058,169.7286957,5.993043478,26.41,2.8,NaN,8
P796,80,35.13,93.04,0.285232659,0.72,22.63130435,-5.354202899,156.1443478,4.009782609,30.8,3.37,NaN,8
P801,81,33.73,92.1,0.275448089,0.78,23.52608696,-4.034927536,244.44,4.779130435,51.54,3.53,NaN,7.7
P802,82,33.32,91.88,0.205986482,0.63,22.76347826,-6.289927536,258.2191304,3.358478261,56.92,3.65,NaN,7.7
P804,83,32.19,91.68,0.299134338,0.69,22.40347826,-3.707028986,337.9321739,4.680521739,73.94,3.59,NaN,7.7
P816,84,29.28,90.64,0.47,0.53,17.70173913,3.845652174,812.08,8.719875776,179,3.65,NaN,7.8
P831,85,28.24,88.77,0.327164195,0.8,17.83652174,-2.388768116,1064.928696,4.463304348,187.71,3.05,NaN,7.9
P833,86,28.26,87.79,0.486482118,0.68,18.47391304,-2.885434783,1027.99913,4.193913043,169.99,2.88,NaN,8.4
P848,87,29.55,84.64,0.403718607,0.74,19.59391304,-3.552971014,776.6113043,4.849130435,115.31,2.6,NaN,8.1
P851,88,29.44,85.67,0.321126841,0.73,19.6026087,-1.366086957,908.9556522,6.047652174,148.47,2.83,NaN,7.2
P858,89,29.9,90.13,0.36,0.43,18.65913043,1.477826087,694.6234783,6.634534161,161.17,3.78,NaN,6.8
P863,90,29.71,89.96,0.438534555,0.55,18.82782609,-0.850362319,708.4391304,6.383652174,156.92,3.64,NaN,6.8
NES-1,91,35.90583333,111.4527778,0.763823807,0.88,28.56,12.56557971,524.0530435,15.44173913,79.82,2.76,NaN,7.9
NES-4,92,38.56055556,112.7113889,0.681558243,0.87,31.01565217,7.972971014,462.8973913,12.90434783,82.68,3.09,NaN,7.7
NES-7,93,39.4475,112.8883333,0.807795533,0.98,31.4973913,6.313985507,450.64,12.89641304,77.67,2.96,NaN,7.7
NES-10,94,40.25916667,113.7386111,0.755823336,0.9,32.67391304,5.160289855,406.4782609,13.93130435,76.58,3.22,NaN,7.9
NES-13,95,40.89472222,114.7552778,0.501996017,0.83,32.69913043,5.752101449,401.9521739,14.61267081,81.53,3.39,NaN,7.8
NES-16,96,41.26555556,114.8761111,0.497867969,0.81,33.32521739,3.366811594,383.0486957,12.40484472,76.14,3.34,NaN,7.4
NES-19,97,41.76666667,115.1833333,0.440055355,0.73,34.89826087,3.900144928,363.6626087,13.32981366,75.84,3.46,NaN,6.9
NES-22,98,42.11027778,115.4483333,0.487497701,0.85,36.34347826,3.278478261,334.8304348,13.09614907,71.85,3.53,NaN,7.6
NES-25,99,42.47888889,115.8216667,0.462472321,0.78,36.46956522,2.684347826,356.2478261,12.49590062,73.22,3.42,NaN,7.4
NES-28,100,43.11305556,117.2088889,0.475464151,0.61,36.68521739,1.294710145,361.1043478,11.21776398,76.68,3.52,NaN,6.6
NES-31,101,43.29638889,118.4030556,0.680217238,0.91,35.12521739,3.846304348,374.8913043,13.37565217,85.42,3.7,NaN,7.8
NES-34,102,43.85222222,119.5605556,0.681244934,0.87,36.23304348,5.661449275,370.6765217,15.50745342,92.11,3.95,NaN,7.8
NES-37,103,44.36416667,120.5216667,0.644730477,0.81,36.84869565,6.24057971,369.7365217,16.21962733,89.82,3.88,NaN,7.7
NES-40,104,44.67888889,121.0561111,0.566619471,0.65,37.67130435,5.478913043,372.0956522,15.67751553,91.38,3.92,NaN,7.1
NES-43,105,45.15777778,121.5680556,0.611578326,0.62,38.88434783,4.800144928,383.4434783,15.31018634,91.32,3.83,NaN,6.6
NES-46,106,45.78,121.5952778,0.607062689,0.51,39.51043478,3.763623188,389.7495652,14.44559006,92.85,3.83,NaN,5.9
NES-49,107,46.37805556,122.4355556,0.63226237,0.63,40.15304348,3.429927536,402.3165217,14.2552795,95.85,3.82,NaN,6.4
NES-58,109,50.18,120.1505556,0.53156369,0.55,46.08782609,-3.396086957,386.5930435,10.29391304,73.51,3.22,NaN,6.4
NES-61,110,51.80888889,121.8611111,0.533412896,0.06,46.71652174,-5.658768116,442.6704348,11.29426087,79.33,3.09,NaN,5.3
NES-67,111,51.14833333,121.2888889,0.471256807,0.02,46.58521739,-5.442246377,429.1947826,11.41565217,80.14,3.18,NaN,4
NES-70,112,50.90888889,121.3938889,0.448483477,0.25,46.18869565,-5.110362319,424.2843478,11.5746087,80.41,3.21,NaN,4.4
NES-76,113,50.49083333,120.925,0.400570469,0.25,45.70173913,-4.2,404.473913,12.30782609,77.92,3.24,NaN,5.9
NES-79,114,48.88333333,119.7994444,0.531647708,0.45,45.29826087,-1.124347826,340.293913,11.27142857,72.32,3.47,NaN,5.9
NES-82,115,48.31694444,119.775,0.554983218,0.48,44.46956522,-1.039565217,343.7113043,11.13950311,73.11,3.47,NaN,6.4
NES-85,116,47.92666667,119.5211111,0.533733649,0.49,43.6426087,-2.775869565,367.88,12.92330435,77.86,3.47,NaN,6.3
NES-88,117,47.52527778,119.4233333,0.519520525,0.52,44.24782609,-2.000652174,337.5234783,10.11515528,74.44,3.56,NaN,6.6
NES-91,118,47.31666667,119.7605556,0.456407429,0.54,43.01304348,-2.739347826,376.5773913,9.059254658,79.19,3.45,NaN,6.6
NES-94,119,46.89444444,119.9627778,0.46353046,0.49,42.08173913,-2.22942029,372.48,9.285590062,80.86,3.54,NaN,6.7
WLPS-1,120,35.35611111,107.685,0.645434926,0.77,26.04,10.30152174,554.8704348,14.3247343,63.17,2.3,NaN,7.8
WLPS-5,121,35.59944444,106.0166667,0.40140167,0.8,24.96,6.177681159,448.2113043,11.24673913,48.96,2.26,NaN,7.9
WLPS-7,122,35.78583333,104.3036111,0.577814621,0.89,25.27826087,6.248623188,418.8991304,11.50097826,50.88,2.43,NaN,8
WLPS-13,123,37.50027778,102.8763889,0.544914076,0.93,27.63913043,5.714927536,233.0173913,11.41152174,34.89,2.8,NaN,8.3
WLPS-41,124,40.62305556,107.0408333,0.744368696,0.95,34.35130435,7.252608696,168.16,14.36804348,34.59,3.47,NaN,8.6
WLPS-46,125,41.40972222,109.9630556,0.545,0.86,35.21043478,4.973405797,245.133913,14.34298137,45.66,3.24,NaN,8.1
WLPS-49,127,41.08722222,110.0466667,0.656925625,0.92,34.94521739,4.064927536,264.2921739,13.36670807,47.74,3.12,NaN,8.1
WLPS-52,128,40.32833333,110.0683333,0.488292988,0.83,33.44173913,7.085434783,313.0521739,14.04521739,53.79,3.02,NaN,7.8
WLPS-56,129,39.92777778,109.9816667,0.655,0.87,32.48347826,7.432608696,310.8582609,14.19956522,52.06,2.96,NaN,8.2
WLPS-58,131,40.24194444,109.9877778,0.570556498,0.87,33.40782609,7.243695652,290.2921739,14.2148913,50.44,3.03,NaN,8.3
WLPS-62,132,39.46444444,109.8177778,0.72,0.93,32.4626087,7.900797101,337.1104348,13.04599034,55.82,2.95,NaN,8.2
WLPS-64,134,38.93555556,109.7430556,0.565616839,0.83,32.13478261,7.308405797,365.5373913,14.00076087,59.83,2.93,NaN,7.5
WLPS-70,135,38.1825,109.435,0.635428213,0.92,31.82956522,8.029347826,369.6130435,13.05710145,60.54,2.9,NaN,8.3
WLPS-73,137,37.72305556,109.1477778,0.644651805,0.88,30.94608696,8.575,395.8617391,13.46251208,59.55,2.77,NaN,8.4
WLPS-76,138,37.50027778,108.865,0.679154965,0.92,30.3373913,7.529057971,374.9356522,12.3026087,55.27,2.74,NaN,8.3
WLPS-79,140,37.07722222,108.8655556,0.703036213,0.89,29.26521739,7.611231884,407.753913,12.20347826,57.39,2.63,NaN,8.3
WLPS-80,141,37.0775,109.0819444,0.574706446,0.84,29.2826087,7.192318841,425.4278261,11.79091787,57.67,2.57,NaN,8.1
WLPS-82,142,36.68972222,109.4158333,0.655297664,0.81,28.72521739,9.181376812,459.7191304,13.69014493,62.35,2.58,NaN,8.1
WLPS-85,143,36.23611111,109.3775,0.726089182,0.9,27.96782609,9.935072464,497.8669565,14.32299517,64.85,2.49,NaN,8
WLPS-88,144,35.71166667,109.4175,0.624565913,0.78,27.81043478,11.36152174,532.7886957,15.70753623,67.21,2.45,NaN,8
WLPS-91,145,35.38916667,109.1330556,0.645,0.8,27.0573913,10.86681159,576.2217391,15.06821256,66.78,2.31,NaN,7.6
WLPS-93,147,34.24083333,109.1244444,0.743798521,0.86,26.3626087,12.94297101,676.0382609,14.18197628,72.56,2.2,NaN,7.8
Colombia-12,148,1.33,-77.33,0.67,0.26,0.515652174,16.21137681,1673.138261,16.21137681,44.58,0.76,2350,4.8
Colombia-7,150,-0.47,-72.23,0.98,NaN,1.677391304,26.02224638,3047.237391,26.02224638,89.65,0.64,200,4.2
Colombia-9,151,-1.47,-72.22,0.99,NaN,1.528695652,26.33456522,3044.078261,26.33456522,75.24,0.47,290,3.8
Ecuador-19,152,-2.12,-78.72,0.7,0.6,0.77826087,10.54101449,934.4686957,10.54101449,59.98,1.42,2780,6.6
Ecuador-6,153,-0.52,-76.93,0.95,0.44,1.766956522,25.75108696,3584.313913,25.75108696,109.24,0.63,250,4.9
Ecuador-7,154,-0.32,-76.83,0.97,0.63,1.573913043,25.73623188,3517.931304,25.73623188,106.41,0.66,250,4.6
Egypt-1,155,28.53,33.97,0.94,0.87,16.43652174,17.88246377,105.8782609,17.88246377,6.31,1.34,NaN,7.6
Finland-2,156,61.24,34.1,0.71,NaN,27.03130435,2.680144928,622.3721739,9.711801242,26.33,0.94,140,3.7
France-15,157,45.05,2.55,0.49,0.09,15.73130435,7.467608696,1064.984348,7.467608696,9.03,0.32,1080,4.7
France-TESO1,158,42.56,1.98,0.45,0.05,16.11391304,7.639275362,948.4504348,7.639275362,23.34,0.53,NaN,4.92
France-TESO10,159,42.49,2.35,0.43,0.7,15.37391304,8.325507246,897.3478261,8.325507246,21.89,0.55,NaN,6.46
France-TESO2,160,42.56,2.39,0.4675,0.61,15.81826087,10.4976087,828.2347826,10.4976087,17.65,0.49,NaN,6.69125
France-TESO3,161,42.67,2.61,0.66,0.83,15.91391304,13.80507246,695.1669565,13.80507246,35.61,1.12,NaN,7.87
France-TESO36,162,42.71,3.04,0.49,0.67,15.79913043,14.64543478,701.6591304,14.64543478,28.52,0.99,NaN,7.47
Gabon-1,163,0.52,12.8,0.9,NaN,3.092173913,24.63630435,1657.35913,24.63630435,151.72,2.01,530,3.3
Gabon-2,164,-1.52,14.12,0.99,NaN,2.410434783,24.14478261,1845.990435,24.14478261,96.37,1.55,640,5.3
Gabon-4,165,-2.22,11.53,0.98,0.77,3.724347826,25.12152174,1734.573043,25.12152174,156.27,2.07,215,5.3
Gabon-5,166,-0.38,11.52,0.98,NaN,3.200869565,26.11050725,1770.975652,26.11050725,154.28,2.04,150,5.1
Gabon-6,167,-0.52,10.28,0.96,0.54,3.746086957,26.55123188,1962.357391,26.55123188,190.52,2.15,150,5.9
Galapagos,168,-0.85,-89.75,0.93,0.42,4.806956522,22.21492754,1091.629565,22.21492754,57.7,1.12,600,4.4
Germany-G1,169,48,12,0.44,0.47,19.56695652,8.374202899,753.0782609,11.42096618,42.57,1.12,1200,7.4
Germany-H1,171,53.63,9.98,0.47,0.24,16.46869565,8.852463768,757.4530435,8.852463768,23.04,0.69,30,6.1
Greece-5,172,40.58,22.5,0.6,0.8,21.49391304,12.82601449,507.6730435,12.82601449,16.08,0.83,25,7.4
Greenland-5,173,65.62,-37.67,0.46,0.18,14.89826087,-2.445072464,874.8556522,3.409565217,18.88,0.61,NaN,5.5
Iceland-6,174,65.35,-20.88,0.46,0.22,11.99304348,2.124202899,582.3356522,5.261490683,20.28,0.82,NaN,6.1
Iceland-3a,175,65.08,-22.75,0.38,0.09,10.68695652,3.252681159,714.1330435,5.423043478,20.74,0.63,8,5.3
IndiaETH1,176,19.09463801,77.04816604,0.94,0.88,12.3773913,27.25695652,922.3226087,27.25695652,155.36,2.93,NaN,8.22
IndiaETH2,177,19.37394801,75.71331804,0.958783445,0.74,10.8626087,26.99746377,755.0252174,26.99746377,127.36,2.97,NaN,8.84
IndiaETH5,178,19.62356804,75.02480001,0.849718084,0.7,10.73478261,26.58391304,739.8226087,26.58391304,105.86,2.68,NaN,8.33
IndiaETH6,179,19.87624504,74.51299598,0.881613127,0.79,10.36521739,26.44282609,729.1834783,26.44282609,110.7,2.81,NaN,8.19
IndiaETH7,180,20.140767,73.97271702,0.927670529,0.88,9.493043478,24.47789855,990.0382609,24.47789855,227.28,3.75,NaN,8.34
IndiaETH8,181,20.10623599,74.06175102,0.897273997,0.88,10.33043478,25.19485507,839.8130435,25.19485507,163.6,3.32,NaN,7.96
IndiaG10,182,16.6959,82.02734,0.927199612,NaN,8.311304348,27.9892029,1084.143478,27.9892029,160.14,2.7,20,7.71
IndiaG14,183,16.94615,81.75377,0.933262661,0.75,8.709565217,27.88833333,1079.41913,27.88833333,127.78,2.36,NaN,8.22
IndiaG20,184,17.63339,81.63596,0.985,NaN,9.700869565,25.49304348,1143.274783,25.49304348,147.44,2.5,411,6.17
IndiaG22,186,17.88569,81.39498,0.933508715,0.5,10.35130435,27.3557971,1140.28087,27.3557971,168.43,2.74,62,6.75
IndiaG25,187,17.65486,80.98012,0.914301248,0.77,10.70086957,27.28304348,1072.15913,27.28304348,170.46,2.88,49,8.53
IndiaG26,188,18.84882,80.34907,0.94,NaN,12.68434783,27.72971014,1116.773043,27.72971014,204.11,3.15,87,7.25
IndiaG27,189,19.01429,81.1902,0.985936324,NaN,12.70608696,25.42666667,1287.477391,25.42666667,223.15,3.03,328,5.98
IndiaG28,190,18.31118,80.46761,0.926327445,0.82,11.87217391,27.70898551,1076.278261,27.70898551,185.2,3.03,88,7.93
IndiaG30,192,18.60869,79.80271,0.951739728,0.78,12.88434783,27.87963768,1033.756522,27.87963768,194.39,3.21,131,8.48
IndiaG31,193,18.90176,79.1568,0.9185327,0.89,12.97391304,27.68666667,972.8243478,27.68666667,184.61,3.23,143,8.58
IndiaG34,194,19.81579,79.3775,0.933260301,0.77,14.28956522,27.22463768,1135.442609,27.22463768,241.61,3.5,181,8.42
IndiaG37,195,19.42091,79.97408,0.915441298,0.77,13.68434783,27.70942029,1072.741739,27.70942029,214.99,3.36,124,8.16
IndiaG38,196,19.67726,79.78838,0.97,0.72,13.78695652,27.75789855,1053.733913,27.75789855,189.01,3.1,163,7.86
IndiaG40,198,20.48403,79.94427,0.94,0.77,14.78956522,27.29,1238.735652,27.29,266.02,3.51,228,8.16
IndiaG42,200,20.12908,78.99722,0.969399385,0.98,14.39130435,27.50862319,1123.38,27.50862319,238.49,3.46,195,8.18
IndiaG43,201,19.81588,78.57844,0.956785599,0.93,13.88434783,27.32789855,1086.364348,27.32789855,232.38,3.51,222,8.27
IndiaG44,202,18.86144,77.96074,0.949255478,0.81,12.27391304,27.34615942,1021.66,27.34615942,185.76,3.13,340,8.26
IndiaG46,204,19.02217,76.72588,0.947982245,0.98,11.83565217,27.30405797,888.1556522,27.30405797,137.67,2.79,383,8.34
IndiaG48,206,19.54141,76.9693,0.962227793,0.93,12.3573913,26.95289855,842.9304348,26.95289855,140.01,2.91,396,8.36
IndiaX44,208,19.01348,78.6612,0.914280809,0.84,13.36782609,27.28152174,1022.922609,27.29,205.61,3.36,237,7.88
Ireland-9,211,53.9,-7.8,0.58,0.06,10.47565217,9.100289855,1010.348696,9.100289855,22.59,0.52,50,3.8
Italy-1,212,39.67,16.15,0.69,0.5,16.31565217,15.16557971,767.9026087,15.16557971,46.37,1.53,500,6.2
Italy-11,213,41.48,13.52,0.639477124,0.31,16.56347826,15.53681159,776.9608696,15.53681159,38,1.29,315,5.4
Netherlands-B,214,50.92,4.75,0.57,0.77,15.55043478,9.956811594,795.3956522,9.956811594,11.67,0.37,100,7.7
Netherlands-T5,215,53.08,4.75,0.585928343,0.57,13.7173913,9.600942029,795.5113043,9.600942029,22.11,0.66,5,5.733333333
New Zealand ,216,-44.0889,172.153,0.35,0.58,10.19217391,11.26637681,765.2104348,11.26637681,11.56,0.36,NaN,NaN
Nigeria-15,217,5.3,6.63,0.99,NaN,2.794782609,26.66210145,2308.526087,26.66210145,171.71,1.73,2,4.4
Nigeria-19,218,6.62,3.5,0.92,0.64,3.804347826,27.14072464,1412.054783,27.14072464,157.45,2.21,35,7.3
Norway-1,219,63.82,9.68,0.45,0.7,14.71217391,5.256811594,1152.304348,7.271884058,34.69,0.75,5,7.6
Norway-3,220,63.43,10.68,0.57,NaN,17.76347826,3.668768116,938.8634783,8.125590062,23.38,0.61,30,4.3
Peru-1,221,-3.82,-73.32,0.98,NaN,1.519130435,26.40094203,2864.491304,26.40094203,57.96,0.55,150,4.5
Peru-10,222,-12.68,-69.13,0.96,0.24,3.346956522,25.29521739,2417.810435,25.29521739,155.64,1.43,260,4.4
Rarotonga,224,-21.2,-159.82,0.97,0.52,4.340869565,23.85985507,2102.877391,23.85985507,98.41,0.96,7,5.4
Russia- Samoylov Island,225,71.8594599,129.2897199,0.165415153,0.25,52.13478261,-14.75775362,198.1643478,7.335,28.55,2.46,NaN,NaN
Russia - Lena Delta,226,73.8094,141.32782,0.258421559,0.11,55.86,-17.66289855,128.1121739,8.910434783,14.15,2,29,NaN
Russia - Turan,227,51.6417,101.70731,0.416619813,0.5,36.83391304,-6.667391304,549.1295652,6.888521739,93.49,2.89,870,NaN
Russia - Lena Plateau,228,61.0994,127.34022,0.506247481,0.21,55.46,-8.701231884,310.4191304,11.92695652,29.9,1.85,355,NaN
Scotland-D,229,54.92,-3.33,0.51,0.06,11.0626087,8.202101449,1992.990435,8.202101449,54.3,0.68,8,5.4
Seychelles,230,-4.67,55.31,0.99,NaN,2.294782609,27.16405797,1921.24087,27.16405797,143.6,1.48,5,5.2
South Africa-12,231,-29.52,30.27,0.89,0.39,8.567826087,16.34992754,908.8982609,16.34992754,60.46,1.62,1067,5.5
South Africa-3,233,-29.5,30.92,0.91,0.26,7.764347826,19.06,963.2530435,19.06,54.24,1.44,1067,4.4
Spain-6,234,38.9,-6.27,0.525,0.37,17.7,16.3073913,534.9078261,16.3073913,31.65,1.65,280,6.6
Svalbard-LB1,236,78.22,15.6,0.32,0.43,21.3226087,-8.103550725,510.3373913,2.524927536,9.8,0.63,NaN,4.35
Svalbard-MP,237,79.18,11.17,0.385799492,0.61,19.33043478,-8.074927536,631.0643478,2.62173913,16.37,0.7,NaN,7.805
Svalbard-NA1,238,78.92,11.93,0.325,0.66,18.68173913,-7.107608696,596.853913,2.389855072,15.28,0.7,NaN,7.42
Sweden-15,240,64.18,19.57,0.57,0.07,24.30434783,1.378478261,587.1130435,9.013043478,24.67,0.87,270,4.5
Sweden-17,241,64.2,19.48,0.69,NaN,25.17478261,1.15884058,597.6252174,9.02884058,27.37,0.92,245,4.5
Sweden-4,242,55.82,14.07,0.52,0.7,17.55478261,7.684637681,599.5765217,9.344869565,18.4,0.66,NaN,7.7
Sweden-B,243,59.63,18.43,0.52,0.43,20.2573913,5.985,496.4904348,10.01097826,25.63,1.06,200,4
Turkey-12,244,39.92,29.93,0.71,0.85,19.18434783,9.601376812,730.5434783,9.601376812,39.17,1.4,740,8
Turkey-8,245,37.73,33.57,0.84,0.96,22.16086957,10.91246377,299.7356522,10.91246377,15.87,1.53,1003,8
Uganda-1,246,0.35,29.97,0.71,0.07,1.212173913,17.92782609,1306.693043,17.92782609,46.49,0.88,NaN,3.6
Uganda-3,247,0.83,30.05,0.89,0.6,1.56173913,21.6584058,1172.025217,21.6584058,54.62,1.11,NaN,7.1
Uruguay-7,248,-32.67,-57.83,0.89,0.39,13.25913043,17.49347826,1127.81913,17.49347826,23.78,0.53,60,5.6
Uruguay-8,249,-32,-57.5,0.88,0.32,13.25652174,17.81507246,1161.866957,17.81507246,27.83,0.6,100,5.3
USA-10,250,22.67,-159.4,0.94,0.49,4.2,21.07623188,1916.453043,21.07623188,59.17,0.82,180,5.1
USA-13,251,40.47,-99.47,0.77,0.53,29.02347826,11.16485507,607.9391304,15.55652174,48.25,1.72,600,5.9
USA-17,252,64.87,-147.83,0.38,0.45,38.8773913,-2.982681159,276.266087,11.89530435,31.72,2.11,NaN,7.1
USA-BB1,253,44.9,-68.1,0.635,0.08,26.19826087,5.757318841,1093.23913,11.19652174,14.46,0.31,NaN,4.25
USA-BF1,255,41.6,-80.1,0.65,0.09,25.47130435,9.201811594,1015.843478,13.21671498,13.8,0.49,NaN,4.05
USA-BP1,256,43.8,-102.4,0.49,0.67,28.9426087,8.683043478,410.0243478,13.00173913,45.38,2.1,NaN,7.53
USA-BZ2,257,64.8,-148.3,0.39,0.09,38.30347826,-3.077173913,303.0356522,11.60434783,34.78,2.14,NaN,5.16
USA-CA1,259,36.1,-111.8,0.38,0.6,23.89913043,11.9115942,296.8947826,11.9115942,16.79,1.35,NaN,7.27
USA-CC1,261,45.4,-93.2,0.74,0.35,32.93304348,6.602898551,725.4695652,13.46076087,50.16,1.53,NaN,6.06
USA-CF1,262,42.2,-74.3,0.71,0.07,25.83391304,6.628695652,1192.31913,12.14369565,11.76,0.34,NaN,3.92
USA-CF2,263,41.9,-74.4,0.71,0.16,25.90173913,9.329855072,1137.8,13.39217391,12.13,0.36,NaN,3.63
USA-CL1,265,34.6,-87.7,0.815528859,0.47,21.64695652,15.5042029,1341.486957,15.5042029,40.65,0.65,NaN,5.68
USA-CM1,266,33.3,-96.2,0.69,0.61,22.48869565,17.87318841,1025.733913,17.87318841,49.07,0.92,NaN,7.85
USA-CO1,267,40.4,-105.7,0.35,0.27,21.94608696,0.883478261,437.0573913,8.056521739,14.38,0.73,NaN,6.13
USA-CO2,268,40.6,-105.3,0.42,0.22,23.34956522,6.347608696,382.6330435,10.94130435,28.16,1.53,NaN,5.68
USA-CO3,269,40.8,-104.8,0.53,0.41,24.03217391,8.496231884,390.0104348,11.98009662,33.31,1.73,NaN,6.02
USA-DF1,270,36,-78.1,0.765,0.1,22.01304348,14.45797101,1181.68087,14.45797101,35.51,0.57,NaN,5.37
USA-GB,272,39.3,-111.5,0.457811195,0.73,24.50434783,7.955144928,347.3556522,11.46454106,7.68,0.62,NaN,7.41
USA-HF2,273,42.5,-72.2,0.69,0.1,26.36,8.233115942,1081.637391,12.35352657,9.88,0.32,NaN,3.98
USA-HI3,274,20.1,-155.7,0.72,0.6,3.108695652,19.76949275,2770.35913,19.76949275,103.36,0.84,NaN,6.53
USA-HJ1,275,44.2,-122.2,0.52,0.21,17.7373913,8.06826087,1217.408696,8.06826087,91.58,1.75,NaN,5.41
USA-IE,276,41.8,-73.47,0.631382037,0.31,25.61826087,8.963695652,1191.210435,12.9389372,11.59,0.27,NaN,5.775
USA-IT1,277,47.2,-95.2,0.52,0.24,34.78347826,4.031594203,611.9982609,13.36310559,56.51,1.84,NaN,5.78
USA-KP1,279,39.1,-96.6,0.74,0.44,28.6173913,12.83028986,833.9069565,14.17083004,63.22,1.64,NaN,6.37
USA-LQ2,281,18.3,-65.8,0.95,0.29,3.572173913,25.03166667,2302.941739,25.03166667,117.33,1.27,NaN,5.03
USA-MP1,282,49.5,-123.5,0.36,0.03,16.01304348,5.966956522,1914.154783,8.20821256,113.57,1.33,NaN,4.56
USA-R-1,284,42.75,-73.8,0.63,0.32,27.47391304,8.637753623,954.9904348,12.97062802,14.87,0.45,83,6.6
USA-R-2,285,41.58,-84.6,0.52,0.37,26.91391304,9.123913043,906.7886957,13.39903382,22.79,0.69,262,6.5
USA-R-3,286,43.31,-89.25,0.6,0.6,30.41130435,7.480144928,815.0634783,13.84217391,36.94,1.09,243,7.7
USA-R-4,287,44.53,-93.13,0.47,0.56,33.08,7.303115942,724.506087,14.19467391,50.18,1.5,256,7.7
USA-R-5,288,45.57,-112.29,0.56,0.79,24.70434783,5.542318841,337.0869565,11.82708075,32.11,1.77,1692,8.1
USA-R-6,289,47.38,-117.32,0.45,0.51,22.88695652,8.683695652,531.0365217,10.7466087,28.72,1.31,723,7.4
USA-RT1,290,31.5,-96.9,0.8,0.68,21.48608696,19.29601449,904.2878261,19.29601449,45.12,0.99,NaN,7.92
USA-SA1,292,35.4,-111.6,0.37,0.32,20.64869565,7.071594203,572.6086957,10.0010628,30.31,1.38,NaN,6.9
USA-SB1,293,34.5,-119.8,0.94,0.97,9.440869565,11.39884058,617.42,11.39884058,75.4,2.38,NaN,7.92
USA-SN1,294,36.5,-118.2,0.28,0.17,18.00608696,7.147463768,573.1321739,8.670521739,66.98,2.19,NaN,4.95
USA-SP1,296,36.5,-118.7,0.5,0.33,17.3226087,7.459782609,674.8730435,7.459782609,70.56,2.01,NaN,6.25
USA-SP2,297,36.6,-111.6,0.4,0.06,24.13652174,11.16144928,293.5008696,12.22268775,17.51,1.32,NaN,5.13
USA-SR1,298,34.7,-120.1,0.361048429,0.48,7.297391304,13.36811594,433.3243478,13.36811594,54.57,2.49,NaN,6.84
USA-SV,299,34.3,-106.7,0.719699224,0.88,21.01478261,11.08623188,334.1886957,11.08623188,40.26,2.03,NaN,8.3375
USA-VC1,300,35.9,-106.6,0.475,0.36,21.34347826,7.238478261,504.9973913,10.36637681,43.07,1.37,NaN,5.55
USA-W,302,41.54,-70.65,0.77,0.21,23.68,10.02253623,1174.771304,12.32,10.75,0.3,5,4.5
Zaire-1,303,0.87,42.47,0.92,NaN,4.177391304,28.52949275,399.9556522,28.52949275,43.04,2.24,440,3.9
Zaire-2,304,0.77,24.43,0.98,NaN,1.610434783,25.41891304,1725.115652,25.41891304,72.25,0.93,460,4.1
Ireland,305,53.1,-8,0.588379133,0.01,10.14173913,9.372463768,987.1034783,9.372463768,19.12,0.48,60,4
UK,306,55.1,-2.5,0.59,NaN,11.60782609,7.392101449,1249.846957,7.390652174,26.7,0.56,280,4.15
Germany,307,52.5,9.7,0.560700406,NaN,16.71478261,8.992028986,653.9052174,8.992971014,17.83,0.62,52,4
Finland,308,60.8,22.8,0.583142661,NaN,22.96086957,4.695072464,578.4182609,9.300543478,25.69,0.98,87,4
Peru,309,-3.9,-74.4,0.958915487,NaN,1.413913043,26.37869565,2759.027826,26.37876812,39.54,0.44,100,3.7
Peru,310,-4.4,-74.8,0.962729949,NaN,1.412173913,26.41601449,2448.181739,26.41608696,59.71,0.67,100,4.15
Peru,311,-4.9,-74,0.955,NaN,1.312173913,26.75833333,2378.84,26.7584058,71.55,0.81,100,NaN
Peru,312,-6.3,-74.8,0.955,0.31,1.395652174,27.00427536,2002.803478,27.00427536,50.86,0.81,100,6.1
Peru,314,-4.4,-74.1,0.97,0.05,1.326086957,26.54405797,2523.411304,26.54413043,61.62,0.67,100,3.75
Peru,316,-4.7,-75.4,0.941227558,0.4,1.324347826,26.65028986,2287.350435,26.65028986,63.27,0.74,100,5.7
Peru,319,-4.1,-73.2,0.974272681,NaN,1.443478261,26.58413043,2634.205217,26.5842029,64.46,0.66,100,4
France,320,46.8,6.2,0.622478333,NaN,17.0173913,6.854347826,1265.807826,9.258743961,26.81,0.5,840,3.5
France,321,47.3,2.3,0.521148178,0.01,14.16086957,11.45347826,698.7286957,11.26152174,8.98,0.26,154,4
Switzerland,322,47,7.4,0.590905224,NaN,17.44086957,9.077318841,1390.723478,9.31944664,27.59,0.59,585,4.32
Switzerland,324,46.7,7.4,0.538465312,NaN,17.10434783,6.637971014,1390.723478,9.062995169,33.17,0.55,1406,4.82
Switzerland,325,46.6,8,0.69,NaN,16.90608696,5.839275362,1573.426957,8.211594203,39.45,0.57,1885,4.55
Tanzania,326,-9.4,33.8,0.840269131,0.32,5.960869565,19.16173913,892.5078261,19.16492754,120.31,2.6,663,5.4
Poland,327,54.3,22.9,0.649644455,NaN,21.94,6.749057971,620.9182609,10.147343,36.39,1.15,148.5,NaN
Latvia,328,56.6,26.5,0.632723911,NaN,23.48695652,5.432318841,623.0730435,10.34315217,25.87,0.89,100,NaN
Romania,329,47.6,24.8,0.581445124,NaN,22.19652174,3.739927536,940.7086957,9.729689441,45.84,0.93,1540,NaN
China,330,32.8,102.5,0.363308784,0.09,19.13826087,3.976086957,590.6652174,7.9725,55.79,2.09,3500,5.5
Argentina,331,-54.7,-68.3,0.415150209,0.04,7.876521739,4.38115942,528.5695652,4.383623188,11.18,0.43,180,5.4
Queensland,332,-17.4,145.5,0.86640625,0.08,7.473913043,21.23427536,1610.062609,21.29101449,211.04,2.28,754,6.5
Chile,333,-52.5,-72.1,0.476584216,0.07,8.160869565,6.103768116,482.4965217,6.102173913,14.07,0.59,20,4.25
Indonesia,334,-2.3,113.9,0.993052985,NaN,0.764347826,26.73608696,2385.98087,26.75471014,75.07,0.95,30,3
USA,335,30.6,-82.3,0.906353633,0.01,15.92521739,19.7734058,1274.467826,19.77355072,60.77,1.07,0,4
USA,336,36.7,-76.6,0.817021061,NaN,21.12521739,15.31326087,1173.366957,15.31224638,45.35,0.73,4,4
USA,337,35,-77,0.84326798,NaN,19.71304348,16.29768116,1240.012174,16.29768116,59.67,0.86,NaN,3.7
USA,338,25.2,-81,0.852395907,0.58,8.497391304,24.70014493,1200.749565,24.70065217,88.99,1.43,0,6.51
USA,339,26,-81,0.7611429,0.31,9.513043478,23.99391304,1333.72,23.99456522,127.31,1.81,NaN,7.14
USA,340,26,-80.5,0.85,0.23,9.22,24.05601449,1482.513913,24.05695652,114.25,1.62,NaN,6.65
USA,342,32,-81.3,0.797253228,NaN,17.04434783,19.14789855,1229.165217,19.14789855,63.79,1.14,NaN,NaN
USA,343,44,-75,0.477122376,0.39,28.92,6.094927536,1075.906957,12.29043478,11.89,0.38,NaN,7.85
USA,344,45,-68,0.600373371,0.01,28.66782609,4.840942029,1093.23913,10.7725,10.8,0.29,NaN,4.28
Spain,345,43.5,-7.5,0.585,NaN,9.166086957,12.90876812,1214.503478,12.88688406,48.99,1.17,695,4.1
Spain,347,43.1,-3.4,0.566594682,NaN,12.45217391,11.81050725,1042.089565,11.85376812,28.36,0.74,1330,4.65
Iran,348,38,48.6,0.30747687,0.24,25.8373913,13.11268116,390.7495652,13.10898551,18.58,1.42,2500,NaN
Brazil,349,-18.3,-43.7,0.855,NaN,5.642608696,20.06173913,1349.577391,20.06181159,164.32,2.41,1360,3.8
Brazil,351,-17.9,-43.8,0.889237922,NaN,5.36173913,21.47355072,1238.913913,21.47369565,155.51,2.46,1260,3.3
Russia,353,67.5,86.6,0.382158419,0.28,40.35565217,-7.942753623,487.5034783,9.480217391,22.53,1,128,NaN
USA,355,39.9,-74.5,0.688065301,NaN,23.91565217,12.11521739,1175.782609,12.11521739,37.43,0.56,NaN,NaN
Sweden,356,68.4,19.1,0.395049426,0.01,24.5626087,-3.663985507,640.5765217,5.517913043,27.39,0.96,350,3.4
Belgium,357,50.5,6,0.414266973,NaN,15.74521739,10.01166667,1069.161739,10.0076087,14.91,0.38,528,NaN
UK,358,50.6,-4.6,0.52264569,NaN,10.34608696,10.13695652,1472.361739,10.13797101,62.14,0.88,269,NaN
France,359,48.1,6.5,0.634023001,NaN,16.90434783,9.813695652,866.5669565,9.562971014,8.91,0.3,545,NaN
Argentina,360,-54.9,-67.2,0.502931869,0.01,7.96173913,4.048405797,546.8843478,4.047898551,10.69,0.53,69,NaN
Poland,361,53.8,16.6,0.764353555,NaN,19.61913043,7.752028986,639.1295652,9.564347826,27.11,0.85,130,NaN
France,362,48.1,7.1,0.598661006,NaN,17.22,9.790507246,920.6530435,8.706231884,19.52,0.58,1254,NaN
France,363,42.8,1.4,0.590268758,NaN,16.84173913,8.053695652,931.9826087,7.990652174,26.99,0.6,1799,NaN
Sweden,364,63.7,20.1,0.688177749,NaN,22.74086957,3.107681159,494.6669565,8.856397516,17.4,0.81,46,NaN
Switzerland,365,46.2,8,0.604816968,NaN,14.89391304,0.161376812,2064.135652,5.105217391,52.71,0.57,2055,NaN
Iceland,366,64,16.4,0.467118355,0.88,25.25043478,0.831811594,569.9217391,8.564927536,31.78,1.12,29,NaN
Switzerland,367,46.1,7,0.7446454,NaN,17.28869565,6.935942029,1267.527826,9.522898551,30.86,0.58,1070,NaN
France,368,42.9,2,0.620438719,NaN,16.47043478,7.701666667,948.4504348,7.639275362,23.34,0.53,880,NaN
Poland,369,53.1,18.2,0.687963572,NaN,20.33043478,8.211956522,541.073913,10.12373913,32.37,1.13,88,NaN
Norway,370,69,15.3,0.503117766,NaN,15.78521739,2.524710145,1382.54,6.487080745,39.61,0.83,269,NaN
Iceland,371,63.4,-18.8,0.465908757,0.67,11.51826087,4.295072464,993.2982609,5.863478261,25.14,0.61,57,NaN
Poland,372,53.4,17.6,0.68456492,NaN,20.00434783,8.131376812,559.7678261,10.0186087,30.05,1.02,95,NaN
Poland,373,52.5,16.2,0.650357299,NaN,19.94782609,8.742318841,540.9643478,10.63052174,26.53,0.94,66,NaN
Kenya,376,-0.4,35.8,0.547466486,0.04,2.596521739,14.81942029,1120.36087,14.82086957,68.17,1.39,2901,NaN
Kenya,377,-1,34,0.790538231,0.17,1.959130435,22.56550725,1279.008696,22.56652174,89.87,1.44,1192,NaN
Tanzania,378,-9.3,34.6,0.644,0.01,5.694782609,17.99557971,1033.344348,17.99623188,132.6,2.52,1798,NaN
Kenya,379,-0.2,36.4,0.687337613,0.1,2.49826087,15.51746377,975.7565217,15.51876812,60.71,1.45,2338,NaN
Japan,381,36,139.7,0.520739278,NaN,23.48608696,13.25681159,1476.123478,13.25681159,105.73,1.74,NaN,NaN
Germany,382,52.8,10.6,0.514117779,NaN,17.02782609,8.860507246,616.226087,8.859275362,17.26,0.62,800,4.25
Canada,383,45.9,-75,0.643544588,NaN,31.42608696,4.233913043,1037.084348,12.45440994,11.45,0.36,200,NaN
Canada,384,47.6,-71,0.407917918,NaN,31.3,1.162028986,1287.48087,9.412919255,27.35,0.54,820,NaN
Canada,385,56.4,-116.9,0.384456642,0.14,33.55913043,0.25942029,413.0843478,9.392546584,33.51,1.46,610,NaN
Canada,386,53.8,-77.6,0.391900658,NaN,35.90956522,-3.235797101,665.2947826,8.147391304,48.98,1.5,160,NaN
Canada,387,46.1,-72.3,0.725640875,NaN,31.14347826,3.645072464,1175.342609,11.84857143,14.62,0.41,85,NaN
Canada,388,53.5,-114.9,0.519348816,NaN,28.39217391,2.48173913,544.9078261,10.18993789,57,1.92,810,NaN
Canada,389,47.7,-64.7,0.71413153,NaN,28.64173913,4.050797101,1124.151304,9.980326087,15.62,0.32,0,NaN
Canada,390,60.9,-116.8,0.307924846,0.47,40.85652174,-3.589927536,306.906087,11.42365217,20.6,1.26,220,NaN
Canada,391,49.7,-76,0.655177361,NaN,35.03652174,-0.136594203,845.7017391,10.87797101,40.53,1.07,305,NaN
Scotland,392,56.7,-5.8,0.519101312,NaN,9.559130435,7.461014493,2667.566957,7.461521739,80.55,0.74,NaN,NaN
N-Ireland,393,54.8,-6.6,0.600187189,NaN,10.45565217,8.342681159,1106.868696,8.339782609,25.51,0.54,46,4.87